ID,SKU,Name,Published,Is featured?,Description,In stock?,Stock,Weight (kg),Length (cm),Width (cm),Height (cm),Sale price,Regular price,Categories,Images,Attribute 1 name,Attribute 1 value(s),Attribute 1 visible,Attribute 1 global,Attribute 2 name,Attribute 2 value(s),Attribute 2 visible,Attribute 2 global,Attribute 3 name,Attribute 3 value(s),Attribute 3 visible,Attribute 3 global,Attribute 4 name,Attribute 4 value(s),Attribute 4 visible,Attribute 4 global,Meta: _yoast_wpseo_focuskw,Meta: _yoast_wpseo_metadesc,Meta: _yoast_wpseo_linkdex,Meta: _yoast_wpseo_title,slug
1639,,teacher education: skills and practices,-1,0,"<div class=""a-expander-content a-expander-partial-collapse-content a-expander-content-expanded"" aria-expanded=""true"">The goal of teacher education programs is to equip future educators with the knowledge and skills they need to handle the difficulties of their career and help their students succeed. To improve educators ability to organise and deliver instruction, offer appropriate reinforcement, and perform successful assessment, we must equip them with training and experience in the many methods, approaches, and tactics that might help them do so. Skills in the material preparation, classroom management, and communication all factor significantly. The philosophical, social, and psychological factors that provide educators a firm footing on which to build their classroom practises are all part of pedagogical theory. This approach is tailored to each developmental stage by focusing on the unique set of challenges and opportunities that come with it. Skills that would assist instructors advance professionally and contribute to that advancement are called professional skills. The term soft skills encompasses a wide range of abilities, such as the ability to empathise, advise others, interact with others, use technology, retrieve and organize information, and continue to learn throughout ones life. Teachers would benefit from having a more well-rounded skill set if they received training in not just the art of teaching, but also pedagogical theory as well as professional practises.</div>\n<div class=""a-expander-header a-expander-partial-collapse-header""></div>",1,2,0.35,23,15,2.5,,560,"Academic Guru, AGPH Books",https://store.agphbooks.com/wp-content/uploads/2023/04/6-9.jpg,Name of Author,"Dr. Tirtha Kanti Karmakar\, Dr. Mohammad Mustaqeem\, Dr. Pratima Mishra\, Mr. Rohit Kant Mishra",1,0,ISBN Number,978-81-19025-56-5,1,0,,,,,,,,,,,,,teacher-education-skills-and-practices-2
2010,,teacher education: methods and perspective,1,0,"<div class=""a-expander-content a-expander-partial-collapse-content a-expander-content-expanded"" aria-expanded=""true"">Methods and Perspective of Teacher Education refers to the policies and practices created to provide aspiring teachers the information, attitudes, behaviours, and abilities they need to carry out their duties successfully in the classroom, school, and larger community. The development of a teacher's proficiency and competency is the focus of a program called teacher education. This program equips teachers with the knowledge and skills they need to fulfil the demands of their profession and take on its difficulties. In order to improve educator's ability to organize and deliver instruction, offer appropriate reinforcement, and perform successful assessment, it is necessary to equip them with training and experience in a variety of methods, approaches, and tactics.According to this book the effective classroom management techniques, the creation and utilization of teaching materials, and communication abilities are all part of it. Pedagogical theory encompasses philosophical, social, and psychological factors that provide educators with a solid foundation on which to build their classroom practices.</div>\n<div class=""a-expander-header a-expander-partial-collapse-header""></div>",1,3,0.35,23,15,2.5,,565,AGPH Books,https://store.agphbooks.com/wp-content/uploads/2023/09/51bRK7gUcGL._SX422_BO1204203200_.jpg,Name of Author,"Dr. P.R.V.N. Kesava Kumar\, Dr. Kavita Padegaonkar\, Dr. Dinesh Hukum Singh Thakur\, Dr. Gomatam Mohana Charyulu",1,0,ISBN Number,978-81-19338-31-3,1,0,No. of Pages,252,1,0,,,,,,,,,teacher-education-methods-and-perspective-2
2282,,remote sensing & geographical information systems,-1,0,"<div class=""a-expander-content a-expander-partial-collapse-content a-expander-content-expanded"" aria-expanded=""true"">\n<div class=""a-expander-content a-expander-partial-collapse-content a-expander-content-expanded"" aria-expanded=""true"">\n<div class=""a-expander-content a-expander-partial-collapse-content a-expander-content-expanded"" aria-expanded=""true"">\n<div class=""a-expander-content a-expander-partial-collapse-content a-expander-content-expanded"" style=""text-align: left;"" aria-expanded=""true"">\n<div class=""a-expander-content a-expander-partial-collapse-content a-expander-content-expanded"" aria-expanded=""true"">\n<div class=""a-expander-content a-expander-partial-collapse-content a-expander-content-expanded"" aria-expanded=""true"">\n<div class=""a-expander-content a-expander-partial-collapse-content a-expander-content-expanded"" aria-expanded=""true"">\n<div class=""a-expander-content a-expander-partial-collapse-content a-expander-content-expanded"" aria-expanded=""true"">\n<div class=""a-expander-content a-expander-partial-collapse-content a-expander-content-expanded"" aria-expanded=""true"">\n<div class=""a-expander-content a-expander-partial-collapse-content a-expander-content-expanded"" aria-expanded=""true"">\n<div class=""a-expander-content a-expander-partial-collapse-content a-expander-content-expanded"" aria-expanded=""true"">\n<div class=""a-expander-content a-expander-partial-collapse-content a-expander-content-expanded"" aria-expanded=""true"">\n<div class=""a-expander-content a-expander-partial-collapse-content a-expander-content-expanded"" aria-expanded=""true"">\n<div class=""a-expander-content a-expander-partial-collapse-content a-expander-content-expanded"" aria-expanded=""true"">\n<div class=""a-expander-content a-expander-partial-collapse-content a-expander-content-expanded"" aria-expanded=""true"">\n<div class=""a-expander-content a-expander-partial-collapse-content a-expander-content-expanded"" aria-expanded=""true"">\n<div class=""a-expander-content a-expander-partial-collapse-content a-expander-content-expanded"" aria-expanded=""true"">\n<div class=""a-expander-content a-expander-partial-collapse-content a-expander-content-expanded"" aria-expanded=""true"">\n<div class=""a-expander-content a-expander-partial-collapse-content a-expander-content-expanded"" aria-expanded=""true"">\n<div class=""a-expander-content a-expander-partial-collapse-content a-expander-content-expanded"" aria-expanded=""true"">\n<div class=""a-expander-content a-expander-partial-collapse-content a-expander-content-expanded"" aria-expanded=""true"">\n<div class=""a-expander-content a-expander-partial-collapse-content a-expander-content-expanded"" aria-expanded=""true"">\n<div class=""a-expander-content a-expander-partial-collapse-content a-expander-content-expanded"" aria-expanded=""true"">\n<div class=""a-expander-content a-expander-partial-collapse-content a-expander-content-expanded"" aria-expanded=""true"">\n<div class=""a-expander-content a-expander-partial-collapse-content a-expander-content-expanded"" aria-expanded=""true"">\n<div class=""a-expander-content a-expander-partial-collapse-content a-expander-content-expanded"" aria-expanded=""true"">\n<div class=""a-expander-content a-expander-partial-collapse-content"" aria-expanded=""false"">\n<div class=""a-expander-content a-expander-partial-collapse-content a-expander-content-expanded"" aria-expanded=""true"">\n<div class=""a-expander-content a-expander-partial-collapse-content a-expander-content-expanded"" aria-expanded=""true"">\n<div class=""a-expander-content a-expander-partial-collapse-content a-expander-content-expanded"" aria-expanded=""true"">\n<div class=""a-expander-content a-expander-partial-collapse-content"" aria-expanded=""false"">\n<div class=""a-expander-content a-expander-partial-collapse-content"" aria-expanded=""false"">\n<div class=""a-expander-content a-expander-partial-collapse-content"" aria-expanded=""false"">\n<div class=""a-expander-content a-expander-partial-collapse-content"" aria-expanded=""false"">The book begins with an introduction to remote sensing and GIS, and then proceeds to provide in-depth coverage of a wide range of relevant topics, including but not limited to: optical, thermal, and microwave remote sensing; global navigation satellite systems (GNSS); digital photogrammetry; visual image analysis; digital image processing; spatial and attribute data model; geospatial analysis; planning, implementation, and management of GIS; and so on. New developments in remote sensing and geographic information systems are also presented, together with an illustrated overview of their many practical applications. Scale is becoming more important in geographic information technologies due to their increased application in fields such as remote sensing and geographic information systems (GIS). From the standpoint of earth and environmental sciences, this book explores several facets of remote sensing and geographic information systems. Spectral data from space images is being used in novel ways, and this is being highlighted by the topic of remote sensing and geographic information system applications for sustainable development.</div>\n</div>\n</div>\n</div>\n</div>\n</div>\n</div>\n</div>\n</div>\n</div>\n</div>\n</div>\n</div>\n</div>\n</div>\n</div>\n</div>\n</div>\n</div>\n</div>\n</div>\n</div>\n</div>\n</div>\n</div>\n</div>\n</div>\n</div>\n</div>\n</div>\n</div>\n</div>\n</div>\n</div>",1,2,0.35,23,15,2.5,,580,AGPH Books,https://store.agphbooks.com/wp-content/uploads/2023/12/Remote-Sensing-Geographical-Information-Systems01-scaled.jpg,Name of Author,Dr. S.N. Bansal@Sharad,1,0,ISBN Number,978-81-19832-13-2,1,0,,,,,,,,,,,,,remote-sensing-geographical-information-systems-2
5802,,quality assurance in practice a handbook for professionals,1,0,"The ""Handbook on Quality Assurance and Management"" is an essential resource for professionals in the construction industry. This book addresses the complexities of maintaining quality standards throughout the lifecycle of construction projects. It provides a detailed overview of various quality assurance techniques, from project initiation to the final delivery of the project. The content is structured across multiple chapters, each focusing on a key aspect of quality management, including roles and responsibilities, quality control, audit processes, testing protocols, and environmental considerations. Special attention is given to the CPWD Green Rating Manual and the technical aspects of construction materials, including water quality and soil investigation. The book also delves into specific topics like non-conformance management, third-party audits, and safety measures, ensuring a comprehensive approach to quality. With practical guidelines, checklists, and detailed explanations, this handbook is designed to assist contractors, engineers, and project managers in ensuring that their projects are not only compliant but also of the highest quality. Whether you're a beginner or an experienced professional, this book provides a thorough foundation for achieving excellence in construction quality assurance.",1,2,0.35,23,15,2.5,,590,AGPH Books,https://store.agphbooks.com/wp-content/uploads/2025/04/QUALITY-ASSURANCE-IN-PRACTICE-A-HANDBOOK-FOR-PROFESSIONALS-scaled.jpg,Name of Author,"Dr. Sajal Mitra\, Dr. S. N. Bansal @Sharad",1,0,ISBN Number,978-81-983517-6-0,1,0,,,,,,,,,,,,,quality-assurance-in-practice-a-handbook-for-professionals-2
2140,,production and operations management,1,0,"<div class=""a-expander-content a-expander-partial-collapse-content a-expander-content-expanded"" aria-expanded=""true"">\n\n<span style=""font-weight: 400;"">The responsibility of production management is to establish and cultivate a correlation between the production capability of an organization and the demands of the market. It guarantees the achievement of the dual organizational goals of productivity and customer satisfaction. Inventory management and planning, organizing, directing, and controlling are all that are required to achieve these two goals. Production management encompasses the systematic coordination and control of production factors, including personnel, equipment, materials, finances, and management, with the ultimate goal of ensuring customer satisfaction with the final product.</span>\n\n<span style=""font-weight: 400;"">Production and Operation Management is concerned with the operational implementation of the business concept in order to generate products and services. Additionally, they are indispensable in both manufacturing and service-oriented organizations. The primary aim of this endeavor is to utilize the organization's resources in order to generate market-ready products and services. Adding value is what the production function strives to achieve. Whether it be products or services, the objective is to develop an entity that will fortify the organization's rapport with its clientele. However, this cannot be accomplished solely by the production division. Additionally, marketing professionals play a significant function in this. Given their role as the distributors of the product to prospective purchasers, they ought to possess the ability to communicate customer or consumer preferences to the production department.</span>\n\n</div>",1,2,0.35,23,15,2.5,,465,AGPH Books,https://store.agphbooks.com/wp-content/uploads/2023/11/Production-and-operations-Management.jpg,Name of Author,Dr. Yenda Srinivasa Rao,1,0,ISBN Number,978-81-967239-7-2,1,0,,,,,,,,,,,,,production-and-operations-management-2
2128,,probability and statistics,-1,0,"<div class=""a-expander-content a-expander-partial-collapse-content a-expander-content-expanded"" aria-expanded=""true"">Probability is a branch of mathematics that quantifies uncertainty and the likelihood of events occurring. It provides a framework for measuring and analyzing the chances of different outcomes in various situations. Probability is expressed as a number between 0 and 1, where o indicates impossibility and 1 represents certainty. Statistics is the discipline concerned with collecting, analyzing, interpreting, and presenting data. It involves the study of data variability, patterns, and relationships to uncover insights and draw meaningful conclusions. Statistics provides methods and techniques to summarize, organize, and visualize data, and to make inferences about populations based on sample data. From its insightful explanations to its engaging examples, ""Probability and Statistics"" takes readers on an enlightening journey through the core principles and applications of probability and statistics. Drawing on real-world scenarios and practical problems, the book provides a solid foundation for understanding and applying these essential mathematical tools. Here the probability and statistics in a clear and accessible manner, catering to both beginners and those seeking a deeper understanding. We will delve into key concepts such as random variables, probability distributions, hypothesis testing, regression analysis, and much more. Through illustrative examples, practical applications, and problem-solving exercises, we will guide you on a progressive journey from the fundamentals to more advanced topics.</div>\n<div class=""a-expander-header a-expander-partial-collapse-header""></div>",1,2,0.35,23,15,2.5,,599,AGPH Books,https://store.agphbooks.com/wp-content/uploads/2023/09/61jYbawWiL._SY445_SX342_.jpg,Name of Author,"Dr. Manoj Kumar Sharma\, Dr. Amit Kumar Pandey\, Dr. Niru Kumari\,Dr. Manoj Kumar",1,0,ISBN Number,978-8119338337,1,0,,,,,,,,,,,,,probability-and-statistics
5475,,pride and perjudice,1,0,"<p class="""" data-start=""173"" data-end=""448""><strong data-start=""173"" data-end=""196"">Pride and Prejudice</strong> by <strong data-start=""200"" data-end=""215"">Jane Austen</strong> is a beloved classic that explores love, marriage, social class, and personal growth. Set in 19th-century England, the story follows Elizabeth Bennet as she deals with family expectations and her complex relationship with Mr. Darcy.</p>\n<p class="""" data-start=""450"" data-end=""483""><strong data-start=""450"" data-end=""483"">Why You Should Read This Book</strong></p>\n<p class="""" data-start=""485"" data-end=""746"">This novel offers more than just a romantic plot. Austen’s sharp wit and keen social commentary bring the world of the English gentry to life. Moreover, the characters are richly developed and deeply human, making them easy to connect with—even centuries later.</p>\n<p class="""" data-start=""748"" data-end=""765""><strong data-start=""748"" data-end=""765"">Major Themes:</strong></p>\n\n<ul data-start=""767"" data-end=""1211"">\n 	<li class="""" data-start=""767"" data-end=""915"">\n<p class="""" data-start=""769"" data-end=""915""><strong data-start=""769"" data-end=""791"">Love vs. Marriage:</strong> Elizabeth challenges the idea of marrying for wealth or status. Instead, she seeks a partner who values respect and love.</p>\n</li>\n 	<li class="""" data-start=""916"" data-end=""1077"">\n<p class="""" data-start=""918"" data-end=""1077""><strong data-start=""918"" data-end=""941"">Pride and Judgment:</strong> Darcy and Elizabeth must overcome their own assumptions. Through self-reflection, they learn to understand and appreciate each other.</p>\n</li>\n 	<li class="""" data-start=""1078"" data-end=""1211"">\n<p class="""" data-start=""1080"" data-end=""1211""><strong data-start=""1080"" data-end=""1102"">Class and Society:</strong> Austen critiques the rigid social structure of her time, showing how it affects relationships and choices.</p>\n</li>\n</ul>\n<p class="""" data-start=""1213"" data-end=""1328"">In addition, readers will find timeless lessons on humility, growth, and the importance of staying true to oneself.</p>\n<p class="""" data-start=""1330"" data-end=""1347""><strong data-start=""1330"" data-end=""1347"">Explore More:</strong></p>\n\n<ul data-start=""1349"" data-end=""1518"">\n 	<li class="""" data-start=""1349"" data-end=""1444"">\n<p class="""" data-start=""1351"" data-end=""1444"">📘 <a target=""_new"" rel=""noopener"" data-start=""1354"" data-end=""1442"">Browse More AG Classics</a></p>\n</li>\n 	<li class="""" data-start=""1445"" data-end=""1518"">\n<p class="""" data-start=""1447"" data-end=""1518"">📚 <a class="""" href=""https://en.wikipedia.org/wiki/Jane_Austen"" target=""_new"" rel=""noopener"" data-start=""1450"" data-end=""1518"">Learn About Jane Austen</a></p>\n</li>\n</ul>\n<p class="""" data-start=""1520"" data-end=""1655"">Experience the charm and insight of <strong data-start=""1556"" data-end=""1579"">Pride and Prejudice</strong>—a novel that continues to inspire and entertain readers across generations.</p>",0,,0.35,30,21,2,159,200,AG Classics,https://store.agphbooks.com/wp-content/uploads/2025/03/PRIDE-AND-PERJUDICE-scaled.jpg,Name Of Author,Jane Austen,1,0,ISBN Number,978-81-19832-31-6,1,0,,,,,,,,,Pride and Prejudice,"Pride and Prejudice by Jane Austen is a timeless romance exploring love, class, and wit in 19th-century England. A must-read classic for every reader.",75,Pride and Prejudice %%page%% %%sep%% %%sitename%%,pride-and-perjudice
2145,,operations research,1,0,"<div class=""a-expander-content a-expander-partial-collapse-content a-expander-content-expanded"" aria-expanded=""true"">\n\nThe textbook ""Operations Research"" has been specifically developed according to the academic needs of students pursuing degrees in the fields of engineering and science. The purpose of this book is to facilitate comprehension and use of operations research methodologies in industrial operations, as well as foster an understanding of resource optimization. The book may also serve as a valuable resource for management courses and research projects within this particular field.\n\nThe book provides an introduction to fundamental concepts in linear programming, including the formulation and graphical solution of linear programming problems (LPP), as well as the simplex and revised simplex techniques. The book includes sequencing and scheduling, specifically focusing on the critical path method and programme evaluation and review techniques.\n\nAdditionally, the book covers dynamic, integer, and goal programming, as well as game and decision theories. Furthermore, the curriculum explores queuing, replacement, and inventory models, encompassing both deterministic and probabilistic approaches. The book also includes an examination of simulation, non-linear programming, and classical optimisation techniques.\n\nThis book aims to provide a comprehensive overview of the operations models that comprise the model base, a part of the Decision Support System, within the expanding domain of analytics. The objective of the book is to convey the subject matter in a manner that facilitates comprehension for students of varying aptitudes, ensuring accessibility for even those with ordinary academic abilities. The book has a simple and accessible language that facilitates understanding.\n\n</div>",1,2,0.35,23,15,2.5,,590,AGPH Books,https://store.agphbooks.com/wp-content/uploads/2023/11/Operations-Research.jpg,Name of Author,Dr. Yenda Srinivasa Rao,1,0,ISBN Number,978-81-19843-12-1,1,0,,,,,,,,,,,,,operations-research-2
9301,,national education policy 2020: the key to development in india (volume-2),1,0,"""National Education Policy 2020: The Key to Development in India"" provides an in-depth exploration of the NEP 2020, which promises to revolutionize the Indian education system. This book comprehensively analyzes the key components of the policy, from curriculum reforms to the emphasis on multilingual education, and the introduction of new pedagogical methods. It sheds light on how the policy addresses critical issues such as access, quality, and equity, ensuring that education becomes more inclusive and equitable for all segments of society.\nBy focusing on areas such as early childhood education, vocational training, teacher empowerment, and the integration of technology, this book illustrates how NEP 2020 aims to create a holistic and well-rounded educational experience. It highlights how these changes will contribute to India's socio-economic development by nurturing a skilled and knowledgeable workforce, capable of meeting global challenges.\nThis book is not only a guide to understanding the intricacies of the National Education Policy but also a call to action for educators, administrators, and citizens to actively participate in shaping a better future for India through education. It is a timely and crucial resource for anyone seeking to understand the pivotal role education will play in India's growth and development in the years to come.",1,1,0.35,23,15,2.5,,590,AGPH Books,https://store.agphbooks.com/wp-content/uploads/2025/07/NATIONAL-EDUCATION-POLICY-2020-THE-KEY-TO-DEVELOPMENT-IN-INDIA-VOLUME-2-scaled.avif,Name of Author,"Dr. Pratima Mishra\, Dr. Deepak",1,0,ISBN Number,978-93-49028-49-4,1,0,No. Of Pages,94,1,0,,,,,,,,,national-education-policy-2020-the-key-to-development-in-india-volume-2-2
9304,,"modern trends in medicinal chemistry: techniques, applications, and innovations (volume-1)",1,0,"Modern Trends in Medicinal Chemistry: Techniques, Applications, and Innovations (Volume-1) is a  timely and comprehensive compilation of peer-reviewed chapters that collectively reflect the evolving landscape of modern medicinal chemistry. With the convergence of traditional synthetic methods and emerging interdisciplinary technologies, this book provides a scholarly platform for understanding the significant innovations shaping the pharmaceutical sciences today.\nThis volume features twelve well-researched chapters authored by reputed academicians and scientists. The topics span across advanced drug design, green chemistry applications, natural product-based drug discovery, targeted drug delivery systems, nanotechnology in medicine, and the application of artificial intelligence and computational tools in drug development. Each contribution provides critical insights into the challenges and future directions within its thematic focus, while offering practical perspectives for academic research, clinical translation, and industry relevance.\nDesigned for postgraduate students, researchers, educators, and professionals in the pharmaceutical and biomedical sectors, this book bridges theoretical frameworks and applied science. It encourages interdisciplinary thinking and highlights global research efforts aimed at enhancing therapeutic outcomes and achieving innovation-driven healthcare solutions. As the first volume of an ongoing series, this book lays a strong foundation for subsequent explorations in the field of medicinal chemistry.",1,1,0.35,23,15,2.5,,590,AGPH Books,https://store.agphbooks.com/wp-content/uploads/2025/07/Modern-Trends-in-Medicinal-Chemistry-Techniques-Applications-and-Innovations-VOLUME-1-scaled.avif,Name of Author,"Dr. Subash Chandra Sahu\, Dr. Chandini Behera",1,0,ISBN Number,978-93-49028-76-0,1,0,No. Of Pages,92,1,0,,,,,,,,,modern-trends-in-medicinal-chemistry-techniques-applications-and-innovations-volume-1-2
3226,,materials science in engineering: understanding the properties of matter,-1,0,"This book provides a comprehensive exploration of the properties of materials and their role in engineering. It begins by introducing the importance of materials science in understanding how materials are used in various engineering applications, from everyday products to advanced technologies. The book covers the classification of materials such as metals, ceramics, polymers, and composites, explaining their unique properties and uses in engineering. It explores into atomic structure and bonding, highlighting how the arrangement of atoms influences the material's behavior and properties, such as strength, flexibility, and conductivity. The text also explores mechanical properties, including stress, strain, elasticity, and plasticity, and discusses how materials react to forces, temperature, and electrical or magnetic fields. Key thermal properties, such as heat capacity and thermal conductivity, are explained, along with the effects of temperature on material performance. Additionally, the book addresses corrosion and degradation, offering insights into the challenges of maintaining materials in harsh environments. Advanced topics such as nanomaterials, biomaterials for medical applications, and smart materials that respond to external stimuli are also explored. The book concludes by discussing the tools and techniques used to characterize materials, helping engineers select the right material for the right application.",1,2,0.35,23,15,2.5,,590,AGPH Books,https://store.agphbooks.com/wp-content/uploads/2024/12/Materials-Science-in-Engineering-Understanding-the-Properties-of-Matter.png,Name of Author,Dr. Sanjay Pandey,1,0,ISBN Number,978-81-983756-6-7,1,0,,,,,,,,,,,,,materials-science-in-engineering-understanding-the-properties-of-matter-2
5795,,management principles practice and techniques,1,0,"Management Principles, Practices, and Techniques offers an in-depth exploration of management, from its ancient origins to its evolution into modern practices. Divided into key sections, the book provides a comprehensive understanding of essential management concepts within organizations. It covers core topics such as formal and informal communication, different types of organizations, and the principles that shape organizational structure and function. Readers will gain foundational knowledge in management, with insights into how these practices are applied in real-world settings. The book delves into organizational behaviour and management philosophy, offering a thorough examination of how organizations operate and achieve their objectives. By blending historical and contemporary perspectives, it helps readers understand the evolution of management theories and their relevance in today’s workplaces.\n\nThe book explores various types of management research techniques, offering practical guidance for learners, students, and professionals who want to enhance their understanding of management principles. By including detailed discussions of management functions, organizational dynamics, and study techniques, it equips readers with the knowledge to effectively apply management concepts in a variety of organizational settings. This resource serves as a valuable tool for those looking to broaden their comprehension of management and improve their ability to lead within an organization.",1,2,0.35,23,15,2.5,,590,Academic Guru,https://store.agphbooks.com/wp-content/uploads/2025/04/Management-Principles-practice-and-techniques.jpg,Name of Author,"Dr. Rashi Saxena\, Dr. Smita Dron\, Prof. (Dr.) Tulika Saxena. Dr. Ashok Kumar",1,0,ISBN Number,978-81-978851-1-2,1,0,,,,,,,,,,,,,management-principles-practice-and-techniques
2137,,management and organization behaviour,1,0,"<div class=""a-expander-content a-expander-partial-collapse-content a-expander-content-expanded"" aria-expanded=""true"">\n\n<span style=""font-weight: 400;"">""Management and Organisational Behaviour"" is an essential reference for individuals in pursuit of a thorough comprehension of the fundamental principles that dictate effective management and the intricacies of organisations. This book is designed to cater to many individuals, including students starting out in the business world, seasoned professionals seeking to enhance their leadership abilities, and academics in search of a comprehensive resource. By conducting a comprehensive examination of both traditional and modern theories, this work offers valuable perspectives on the complexities of leadership, team dynamics, and decision-making within the constantly changing context of contemporary organisations.</span>\n\n<span style=""font-weight: 400;"">Distinguishable is the book's pragmatic methodology, which integration of theory and practice is seamless. By relating complex organizational challenges to academic principles, the use of engaging case studies and examples assists readers in applying their knowledge. This book effectively incorporates diverse cultural perspectives in order to assist readers in navigating an interconnected world, mirroring the current globalized business environment. The book encompasses a diverse array of management and organizational behaviour trends, such as the transformative impact of technology, the intricacies of remote work, and the evolving responsibilities of leadership in the twenty-first century. Readers engage in an examination, interrogation, and introspection of ""Management and Organizational Behaviour,"" demonstrating a dedication to the development and adjustment of management knowledge.</span>\n\n</div>",1,2,0.35,23,15,2.5,,465,AGPH Books,https://store.agphbooks.com/wp-content/uploads/2023/11/Management-and-Organization-Behaviour.jpg,Name of Author,Dr. Yenda Srinivasa Rao,1,0,ISBN Number,978-81-967239-5-8,1,0,,,,,,,,,,,,,management-and-organization-behaviour-2
885,,"iot: understanding the fundamentals, operations and applications",1,0,"<div>\n\nAn evolutionary phase in the Internet's growth is the Internet of Things, which establishes a global infrastructure for integrating devices as well as humans. A major emphasis of the early Internet use as well as implementation, which began in earnest in 1990s, was on how it will alter traditional business models for financial transactions, online shopping, news consumption, as well as information sharing. From banking &amp; retail to face-to-face communication as well as government services, it has been a revolution that digitised a broad variety of services. Internet revolution's initial two decades concentrated on services as well as enterprises for consumers, but human-centric. For customers, new business models emerged for online shopping, banking, video conferencing, and more. As a result of the rapid speed of the cloud revolution as well as business-to-business models, several industries have been completely wiped out. Economies throughout the world have been impacted greatly. A new way of life is being seen as well as experienced today due of the Internet's ability to reach our homes as well as our workplaces.\n\n</div>\n<div>\n\nIoT technologies, application areas, architectures, as well as the future prospects are all covered in this book. Many elements go into the creation of a comprehensive Internet-of-things system as well as service. Embedded processors, various kinds of memory, actuators, sensors, cloud servers, network systems, intermediary processing systems, as well as gateways all form part of the hardware infrastructure. At the very least, the software foundation contains databases, operating systems, and control programmes for a wide range of applications.\n\n</div>\n<div>\n\nThe Internet of Things (IoT) is a rapidly evolving field. This book serves as a record of the present condition of affairs. The work on this book is still ongoing, so we expect to add more material as the topic develops.\n\n</div>",1,2,0.35,23,15,2.5,,550,AGPH Books,https://store.agphbooks.com/wp-content/uploads/2022/03/cover-front.png,Author,"Dr. Pankaj Dadheech
Dr. Sanwta Ram Dogiwal",1,0,ISBN,9.79E+12,1,0,Language,English,1,0,,,,,,,,,iot-understanding-the-fundamentals-operations-and-applications-2
1750,,intellectual property rights and business security,-1,0,"<div class=""a-expander-content a-expander-partial-collapse-content a-expander-content-expanded"" aria-expanded=""true"">The World Intellectual Property Organization defines intellectual property as ""creations of the mind,"" which includes inventions, literary and creative works, as well as symbols, names, pictures, and designs utilized in commercial transactions. The organization recognizes two different categories of intellectual property, namely ""industrial"" and ""copyright,"" and establishes a difference between the two. The first kind of intellectual property is often the sort that is held by enterprises (inventions, industrial designs, etc.), while the second type of intellectual property relates to creative productions such as original literature or music. This book takes an industrial approach to the concept of intellectual property, concentrating on the legal actions and preventive safety measures that a company can take to preserve its intellectual property both now and in the future. This book takes a methodical approach to discussing how to file for and defend various types of intellectual property, as well as the associated techno-legal concepts. It brings together the fundamental ideas behind all different kinds of intellectual property rights (IPR), as well as the procedures for registering them and the regulations governing their use. The protection of intellectual assets is more challenging than the protection of other kinds of properties because intellectual properties are intangible. It is common practice to use the word ""intellectual property' in legal contexts in order to protect the rights of artists and inventors because of the monetary connotations of the term. By granting artists and inventors exclusive rights to their work for a certain amount of time, Intellectual Property Rights (IPR) serve to both promote and protect those who engage in creative endeavors.</div>\n<div class=""a-expander-header a-expander-partial-collapse-header""></div>",1,2,0.35,23,15,2.5,,560,AGPH Books,https://store.agphbooks.com/wp-content/uploads/2023/05/51aAo5kUmL._SX381_BO1204203200_.jpg,Name of Author,"Dr. Avon Kumar Vaid\, Dr. Mayur Parmar\, G R Srikkanth\, Prof. Meera K L",1,0,ISBN Number,978-81-19025-80-0,1,0,,,,,,,,,,,,,intellectual-property-rights-and-business-security-2
1350,,integrated solid waste management,1,0,"<div class=""page"" title=""Page 6"">\n<div class=""layoutArea"">\n<div class=""column"">\n<div class=""a-expander-content a-expander-partial-collapse-content a-expander-content-expanded"" aria-expanded=""true"">\n<div class=""a-expander-content a-expander-partial-collapse-content a-expander-content-expanded"" aria-expanded=""true"">\n<div class=""a-expander-content a-expander-partial-collapse-content a-expander-content-expanded"" aria-expanded=""true"">\n<div class=""a-expander-content a-expander-partial-collapse-content a-expander-content-expanded"" aria-expanded=""true"">\n<div class=""a-expander-content a-expander-partial-collapse-content a-expander-content-expanded"" aria-expanded=""true"">Management of solid waste is a crucial function for every community. However, before we get into the procedure itself, it would be helpful to talk about the substance being managed: solid waste. The term ""solid waste"" is used to describe a broad category of rubbish that includes both animal and human-generated junk. There are a number of options for dealing with the solid waste produced by local businesses, homes, and factories. This leads to the common categorization of landfills as municipal, sanitary, construction and demolition, or industrial. Plastic, glass, paper, metal, and biological materials are all types of garbage that may be separated apart from one another. Depending on the nature of the waste, it may be classified as flammable, radioactive, infectious, poisonous, or non-toxic. It's possible to classify trash based on where it came from, classifying it as either building debris, demolition debris, household trash, or commercial trash.</div>\n<div class=""a-expander-header a-expander-partial-collapse-header""></div>\n</div>\n<div class=""a-expander-header a-expander-partial-collapse-header""></div>\n</div>\n<div class=""a-expander-header a-expander-partial-collapse-header""></div>\n</div>\n<div class=""a-expander-header a-expander-partial-collapse-header""></div>\n</div>\n<div class=""a-expander-header a-expander-partial-collapse-header""></div>\n</div>\n</div>\n</div>",1,1,0.35,23,15,2.5,,565,AGPH Books,https://store.agphbooks.com/wp-content/uploads/2023/04/6-4.jpg,Author,"Asha Rani N R\, Dr. J. Anuradha\, G.Sharmilaa\, Prof. Shama Jehan Parveen Khanam",1,0,ISBN,978-93-95936-81-1,1,0,Language,English,1,0,,,,,,,,,integrated-solid-waste-management-2
2408,,innovative approaches in higher education,1,0,"<div class=""a-expander-content a-expander-partial-collapse-content a-expander-content-expanded"" aria-expanded=""true"">\n<div class=""a-expander-content a-expander-partial-collapse-content a-expander-content-expanded"" aria-expanded=""true"">\n<div class=""a-expander-content a-expander-partial-collapse-content a-expander-content-expanded"" aria-expanded=""true"">\n<div class=""a-expander-content a-expander-partial-collapse-content a-expander-content-expanded"" style=""text-align: left;"" aria-expanded=""true"">\n<div class=""a-expander-content a-expander-partial-collapse-content a-expander-content-expanded"" aria-expanded=""true"">\n<div class=""a-expander-content a-expander-partial-collapse-content a-expander-content-expanded"" aria-expanded=""true"">\n<div class=""a-expander-content a-expander-partial-collapse-content a-expander-content-expanded"" aria-expanded=""true"">\n<div class=""a-expander-content a-expander-partial-collapse-content a-expander-content-expanded"" aria-expanded=""true"">\n<div class=""a-expander-content a-expander-partial-collapse-content a-expander-content-expanded"" aria-expanded=""true"">\n<div class=""a-expander-content a-expander-partial-collapse-content a-expander-content-expanded"" aria-expanded=""true"">\n<div class=""a-expander-content a-expander-partial-collapse-content a-expander-content-expanded"" aria-expanded=""true"">\n<div class=""a-expander-content a-expander-partial-collapse-content a-expander-content-expanded"" aria-expanded=""true"">\n<div class=""a-expander-content a-expander-partial-collapse-content a-expander-content-expanded"" aria-expanded=""true"">\n<div class=""a-expander-content a-expander-partial-collapse-content a-expander-content-expanded"" aria-expanded=""true"">\n<div class=""a-expander-content a-expander-partial-collapse-content a-expander-content-expanded"" aria-expanded=""true"">\n<div class=""a-expander-content a-expander-partial-collapse-content a-expander-content-expanded"" aria-expanded=""true"">\n<div class=""a-expander-content a-expander-partial-collapse-content a-expander-content-expanded"" aria-expanded=""true"">\n<div class=""a-expander-content a-expander-partial-collapse-content a-expander-content-expanded"" aria-expanded=""true"">\n<div class=""a-expander-content a-expander-partial-collapse-content a-expander-content-expanded"" aria-expanded=""true"">\n<div class=""a-expander-content a-expander-partial-collapse-content a-expander-content-expanded"" aria-expanded=""true"">\n<div class=""a-expander-content a-expander-partial-collapse-content a-expander-content-expanded"" aria-expanded=""true"">\n<div class=""a-expander-content a-expander-partial-collapse-content a-expander-content-expanded"" aria-expanded=""true"">\n<div class=""a-expander-content a-expander-partial-collapse-content a-expander-content-expanded"" aria-expanded=""true"">\n<div class=""a-expander-content a-expander-partial-collapse-content a-expander-content-expanded"" aria-expanded=""true"">\n<div class=""a-expander-content a-expander-partial-collapse-content a-expander-content-expanded"" aria-expanded=""true"">\n<div class=""a-expander-content a-expander-partial-collapse-content a-expander-content-expanded"" aria-expanded=""true"">\n<div class=""a-expander-content a-expander-partial-collapse-content"" aria-expanded=""false"">\n<div class=""a-expander-content a-expander-partial-collapse-content a-expander-content-expanded"" aria-expanded=""true"">\n<div class=""a-expander-content a-expander-partial-collapse-content a-expander-content-expanded"" aria-expanded=""true"">\n<div class=""a-expander-content a-expander-partial-collapse-content a-expander-content-expanded"" aria-expanded=""true"">\n<div class=""a-expander-content a-expander-partial-collapse-content"" aria-expanded=""false"">\n<div class=""a-expander-content a-expander-partial-collapse-content"" aria-expanded=""false"">\n<div class=""a-expander-content a-expander-partial-collapse-content"" aria-expanded=""false"">\n<div class=""a-expander-content a-expander-partial-collapse-content"" aria-expanded=""false"">\n<div class=""a-expander-content a-expander-partial-collapse-content"" aria-expanded=""false"">\n<div id=""bookDescription_feature_div"" class=""celwidget"" data-feature-name=""bookDescription"" data-csa-c-type=""widget"" data-csa-c-content-id=""bookDescription"" data-csa-c-slot-id=""bookDescription_feature_div"" data-csa-c-asin=""8119832698"" data-csa-c-is-in-initial-active-row=""false"" data-csa-c-id=""1q23qe-btxnks-jfwtzq-sruxhx"">\n<div class=""a-expander-collapsed-height a-row a-expander-container a-spacing-base a-expander-partial-collapse-container"" data-a-expander-name=""book_description_expander"" data-a-expander-collapsed-height=""280"">\n<div class=""a-expander-content a-expander-partial-collapse-content"" aria-expanded=""false"">The groundbreaking book ""Innovative Approaches in Higher Education"" exposes readers to the fast-paced world of modern higher education by giving an in-depth look at the innovative approaches, technologies, and pedagogies that are redefining the field. This book is a game-changer in the area of education. Eminent academics, university officials, and other professionals examine the future of higher education from a range of views in this thought-provoking anthology. The book examines several current education challenges. Readers will learn about the influence of AI and VR and the necessity for inclusive and diverse classrooms in higher education. Each chapter offers a unique perspective on real-world experiences and research to help educators and administrators adapt and flourish in a fast-changing environment. This book will help educators improve their approaches, administrators lead by example, and policymakers shape higher education. The success of ""Innovative Approaches in Higher Education"" shows that innovative ways may enhance higher education and better prepare students for a competitive global skill market.</div>\n</div>\n</div>\n</div>\n</div>\n</div>\n</div>\n</div>\n</div>\n</div>\n</div>\n</div>\n</div>\n</div>\n</div>\n</div>\n</div>\n</div>\n</div>\n</div>\n</div>\n</div>\n</div>\n</div>\n</div>\n</div>\n</div>\n</div>\n</div>\n</div>\n</div>\n</div>\n</div>\n</div>\n</div>\n</div>\n</div>\n</div>",1,2,0.35,23,15,2.5,,499,AGPH Books,https://store.agphbooks.com/wp-content/uploads/2024/01/47-scaled.jpg,Name of Author,Prakash Gouda S U,1,0,ISBN Number,978-81-19832-69-9,1,0,,,,,,,,,,,,,innovative-approaches-in-higher-education-2
5770,,"geography of india: landscapes, resources and people",-1,0,"The book ""Geography of India: Landscapes, Resources, and People"" provides an in-depth analysis of the geographical characteristics that make up India. This book is intended for a broad readership, including scholars, students, and everyone else curious in how India's natural resources, landscapes, and people influence the country's progress.\n\nIndia's topography is a fascinating mix of varied terrains, from the snow-capped Himalayas in the north to the coastal plains and tropical rainforest in the south. This book explores the country's many geographical characteristics, including the islands, the western and eastern ghats, the Peninsular Plateau, and the northern plains. The impact of these characteristics on the climate, agriculture, patterns of human habitation, and economic activity is examined in the book. Readers can picture the many landscapes that comprise this enormous territory thanks to detailed descriptions and vivid graphics.\n\nIndia's natural resources, which are essential to its economic structure, are a major focus of the book. India's mineral richness, water resources, agricultural resources, and forests are all covered in detail in the book, along with how they are used, preserved, and managed. It offers insights on sustainable behaviours for the future while critically examining the problems caused by pollution, resource depletion, and climate change.\n\nThe relationship between the nation's many geographical areas and its citizens is also examined in the book. It discusses how geography affects patterns of settlement, migration, urbanisation, and population distribution. The impact of geography on social, cultural, and economic systems in various regions of India will become clearer to readers. This book offers a comprehensive knowledge of India's geographical identity and its role in determining the country's destiny by tying together the concepts of landscape, resources, and human geography.",1,2,0.35,23,15,2.5,499,590,AGPH Books,https://store.agphbooks.com/wp-content/uploads/2025/04/Geography-of-India-Landscapes-Resources-and-People-scaled.jpg,Name of Author,"Dr. Sandeep Sampat Tadakhe\, Lt. Prakash Ramesh Barde\, Dr. Prakash Arjun Pagare\, Dr. Ganesh Madhukar Dhawale",1,0,ISBN Number,978-93-49028-93-7,1,0,,,,,,,,,,,,,geography-of-india-landscapes-resources-and-people-2
2499,,fundamentals and innovation in horticulture,1,0,"‘Fundamentals and Innovation in Horticulture’ is a comprehensive exploration of the principles and cutting-edge developments in the field of horticulture. Authored with meticulous attention to detail and a commitment to scholarly excellence, the book serves as an invaluable resource for students, researchers, and practitioners seeking a deeper understanding of horticultural science. The book begins by delving into the foundational aspects of horticulture, providing readers with a solid grasp of the fundamental concepts that underpin the discipline. It covers essential topics such as plant anatomy, physiology, and genetics, offering a robust framework for subsequent discussions on advanced horticultural practices. As the narrative unfolds, the authors seamlessly transition to the innovative frontiers of horticulture, exploring emerging technologies, sustainable practices, and novel approaches that define the contemporary landscape of the field. The integration of cutting-edge research findings and practical applications ensures that readers are not only well-versed in traditional horticultural knowledge but also equipped to navigate the challenges and opportunities presented by a rapidly evolving industry. The book's clarity of expression and well-organized structure make it accessible to a broad audience, from students embarking on their horticultural journey to seasoned professionals seeking to stay abreast of the latest advancements. ‘Fundamentals and Innovation in Horticulture’ stands as a testament to the author’s dedication to advancing the field, providing a comprehensive and forward-looking guide that will undoubtedly shape the future of horticultural education and practice.",1,2,0.35,23,15,2.5,,565,AGPH Books,https://store.agphbooks.com/wp-content/uploads/2024/01/Screenshot-2024-01-24-123653.png,Name of Author,Dr. Ashutosh Kumar Singh,1,0,ISBN Number,978-81-968494-4-3,1,0,No. of Pages,223,1,0,,,,,,,,,basic-concepts-of-literary-devices-in-english-literature
1428,,environmental conservation: nature and natural resources,1,0,"<div class=""page"" title=""Page 1"">\n<div class=""section"">\n<div class=""layoutArea"">\n<div class=""column"">\n<div class=""a-expander-content a-expander-partial-collapse-content a-expander-content-expanded"" aria-expanded=""true"">\n<div class=""a-expander-content a-expander-partial-collapse-content a-expander-content-expanded"" aria-expanded=""true"">\n<div class=""a-expander-content a-expander-partial-collapse-content a-expander-content-expanded"" aria-expanded=""true"">\n<div class=""a-expander-content a-expander-partial-collapse-content a-expander-content-expanded"" aria-expanded=""true"">\n<div class=""a-expander-content a-expander-partial-collapse-content a-expander-content-expanded"" aria-expanded=""true"">Conservation of the environment may take numerous forms, and it serves as a constant reminder to be deliberate in actions. No matter how hectic your schedule is, it's still simple to implement certain adjustments that are essential for the planet's health. Without a functioning environment, it would be very difficult for humans to survive. The environment consists of everything around us, both living and nonliving, and how those things interact with one another. Conservation of natural resources is becoming a fundamental issue in the fight against climate change and global warming. The only thing that can preserve Earth from the effects of industrialization is urgently needed sustainable development. The practice of environmental conservation sets the path for safeguarding the environment and natural resources on the levels of the person, the organization, and the state. Many people's lives are being negatively impacted by several fundamental environmental problems. Overpopulation, hydrological problems, ozone depletion, deforestation, desertification, global warming, and pollution all threaten humanity's very survival. In this era of digital communication, which can launch a revolution to rescue the world from devastation, it is foolish to anticipate good progress until environmental conservation becomes an effective popular movement.</div>\n<div class=""a-expander-header a-expander-partial-collapse-header""></div>\n</div>\n<div class=""a-expander-header a-expander-partial-collapse-header""></div>\n</div>\n<div class=""a-expander-header a-expander-partial-collapse-header""></div>\n</div>\n<div class=""a-expander-header a-expander-partial-collapse-header""></div>\n</div>\n<div class=""a-expander-header a-expander-partial-collapse-header""></div>\n</div>\n</div>\n</div>\n</div>",1,1,0.35,23,15,2.5,,605,AGPH Books,https://store.agphbooks.com/wp-content/uploads/2023/04/30-2.jpg,Author,"Arundhatee Mishra\, Dr. Mohd. Shaikhul Ashraf\, Dr. Manoj Kumar Sharma\, Mr. D. Prasannan",1,0,ISBN,978-81-19025-07-7,1,0,Language,English,1,0,No. of Pages,214,1,0,,,,,environmental-conservation-nature-and-natural-resources-2
5163,,english quest,1,0,"<ul data-start=""1583"" data-end=""1918"">\n 	<li class="""" data-start=""1809"" data-end=""1918"">\n<p class="""" data-start=""278"" data-end=""591""><strong data-start=""278"" data-end=""295"">English Quest</strong> is a delightful and engaging workbook designed especially for <strong data-start=""358"" data-end=""374"">LKG students</strong>. It introduces young learners to the <strong data-start=""412"" data-end=""439"">fundamentals of English</strong> in a fun and interactive way. Not only does it cover the alphabet and phonics, but it also helps children develop vocabulary and form simple sentences.</p>\n<p class="""" data-start=""593"" data-end=""905"">Moreover, each page is thoughtfully designed to combine learning with enjoyment. With colorful illustrations, tracing exercises, and matching games, children remain excited and focused. As they progress, tasks gradually become more advanced—yet still accessible—encouraging consistent learning without overwhelm.</p>\n<p class="""" data-start=""907"" data-end=""1146"">In addition, the book promotes cognitive development through structured activities that improve recognition, memory, and fine motor skills. Because of this, <strong data-start=""1064"" data-end=""1081"">English Quest</strong> is a perfect companion for both classroom and home environments.</p>\n\n\n<hr class="""" data-start=""1148"" data-end=""1151"" />\n\n<h3 class="""" data-start=""1153"" data-end=""1188"">✨ <strong data-start=""1159"" data-end=""1188"">Why Choose English Quest?</strong></h3>\n<ul data-start=""1190"" data-end=""1531"">\n 	<li class="""" data-start=""1190"" data-end=""1254"">\n<p class="""" data-start=""1192"" data-end=""1254"">Introduces all <strong data-start=""1207"" data-end=""1235"">essential English basics</strong> for LKG learners</p>\n</li>\n 	<li class="""" data-start=""1255"" data-end=""1315"">\n<p class="""" data-start=""1257"" data-end=""1315"">Builds <strong data-start=""1264"" data-end=""1286"">phonetic awareness</strong> through engaging exercises</p>\n</li>\n 	<li class="""" data-start=""1316"" data-end=""1372"">\n<p class="""" data-start=""1318"" data-end=""1372"">Enhances vocabulary using <strong data-start=""1344"" data-end=""1370"">visuals and word games</strong></p>\n</li>\n 	<li class="""" data-start=""1373"" data-end=""1424"">\n<p class="""" data-start=""1375"" data-end=""1424"">Encourages sentence formation and early reading</p>\n</li>\n 	<li class="""" data-start=""1425"" data-end=""1481"">\n<p class="""" data-start=""1427"" data-end=""1481"">Includes colorful pages to <strong data-start=""1454"" data-end=""1479"">stimulate young minds</strong></p>\n</li>\n 	<li class="""" data-start=""1482"" data-end=""1531"">\n<p class="""" data-start=""1484"" data-end=""1531"">Ideal for use at <strong data-start=""1501"" data-end=""1531"">home or in school settings</strong></p>\n</li>\n</ul>\n\n<hr class="""" data-start=""1533"" data-end=""1536"" />\n\n<h3 class="""" data-start=""1538"" data-end=""1568"">📚 <strong data-start=""1545"" data-end=""1568"">You Might Also Like</strong></h3>\n<ul data-start=""1570"" data-end=""1905"">\n 	<li class="""" data-start=""1570"" data-end=""1673"">\n<p class="""" data-start=""1572"" data-end=""1673""><a class="""" href=""https://store.agphbooks.com/product/smart-mathematics/"" target=""_new"" rel=""noopener"" data-start=""1572"" data-end=""1671"">Smart Mathematics – LKG Math Made Fun</a></p>\n</li>\n 	<li class="""" data-start=""1674"" data-end=""1795"">\n<p class="""" data-start=""1676"" data-end=""1795""><a class="""" href=""https://store.agphbooks.com/product/joy-of-small-writing/"" target=""_new"" rel=""noopener"" data-start=""1676"" data-end=""1793"">Joy of Small Writing – Handwriting Practice for Kids</a></p>\n</li>\n 	<li class="""" data-start=""1796"" data-end=""1905"">\n<p class="""" data-start=""1798"" data-end=""1905""><a class="""" href=""https://store.agphbooks.com/product/little-artist/"" target=""_new"" rel=""noopener"" data-start=""1798"" data-end=""1905"">Little Artist – Nurture Creativity in Young Minds</a></p>\n</li>\n</ul>\n</li>\n</ul>",0,,0.35,30,21,1,149,249,AG Kids > LKG,https://store.agphbooks.com/wp-content/uploads/2025/03/8-x-11-LKG-English-quest-Front-1-1.png,,,,,,,,,,,,,,,,,English Quest,"English Quest is a vibrant LKG English workbook that teaches the alphabet, vocabulary, and basic sentence skills through fun and structured activities.",66,,english-quest-2
2381,,english language and literature teaching,-1,0,"Studying this book may be useful since it provides a wide range of pedagogical perspectives on how to best prepare future English teachers for their careers. If you read this book and familiarize yourself with the many theoretical schools of English teaching, you should be able to identify the pedagogies of teaching and the methods of conducting investigations and fieldworks that best suit your own teaching style and personal preferences, allowing you to understand the language of English teaching in a way that is meaningful to you.\nYou will also get insight into the pedagogical approaches of your fellow English instructors. This book will help you understand the big picture of the field of teaching English as a second or foreign language, in addition to defining the specific words and subfields involved. From its earliest beginnings in Ancient Greece until the turn of the third century, the narrative of how English has been taught will be told. This book will discuss both the traditional and nontraditional methods of teaching English that have been advocated in recent years. It is hoped that readers will come away from this book with a firm grasp of the most up-to-date theoretical and empirical achievements in the field of English language instruction.",1,2,0.35,23,15,2.5,,496,AGPH Books,https://store.agphbooks.com/wp-content/uploads/2023/12/19-scaled.jpg,Name of Author,Santosh Suman,1,0,ISBN Number,978-81-19832-62-0,1,0,,,,,,,,,,,,,english-language-and-literature-teaching-2
9296,,emerging trends in commerce and management: a multi-disciplinary approach (volume-1),1,0,"""Emerging Trends in Commerce and Management: A Multi-Disciplinary Approach"" is a timely and insightful exploration of the key trends shaping the future of business. The book delves into the ways in which new technologies, shifting consumer behavior, global market dynamics, and innovative management practices are influencing contemporary commerce and management.\nCovering a broad spectrum of topics, the book examines the impact of digital transformation, the growing role of sustainability and ethical business practices, the rise of e-commerce and digital marketing, and the integration of artificial intelligence and machine learning in decision-making processes. It also explores the changing landscape of corporate governance, financial management, human resource practices, and entrepreneurship.\nWith contributions from experts across various domains, this book offers a multi-disciplinary perspective that emphasizes the interconnectedness of different fields in business management. It serves as both an academic reference and a practical guide for professionals who need to understand the emerging trends and adapt to the evolving business environment. The book encourages critical thinking and provides readers with the tools they need to anticipate and navigate the challenges and opportunities that lie ahead in the commerce and management sectors.",1,1,0.35,23,15,2.5,,590,AGPH Books,https://store.agphbooks.com/wp-content/uploads/2025/07/Emerging-Trends-in-Commerce-and-Management-A-Multi-Disciplinary-Approach-VOLUME-1-scaled.avif,Name of Author,"Dr. Ashu Tomar\, Dr. Aiman Fatma",1,0,ISBN Number,978-81-983155-7-1,1,0,No. Of Pages,104,1,0,,,,,,,,,emerging-trends-in-commerce-and-management-a-multi-disciplinary-approach-volume-1-2
2318,,disaster management and risk reduction,1,0,"<div class=""a-expander-content a-expander-partial-collapse-content a-expander-content-expanded"" aria-expanded=""true"">\n<div class=""a-expander-content a-expander-partial-collapse-content a-expander-content-expanded"" aria-expanded=""true"">\n<div class=""a-expander-content a-expander-partial-collapse-content a-expander-content-expanded"" aria-expanded=""true"">\n<div class=""a-expander-content a-expander-partial-collapse-content a-expander-content-expanded"" style=""text-align: left;"" aria-expanded=""true"">\n<div class=""a-expander-content a-expander-partial-collapse-content a-expander-content-expanded"" aria-expanded=""true"">\n<div class=""a-expander-content a-expander-partial-collapse-content a-expander-content-expanded"" aria-expanded=""true"">\n<div class=""a-expander-content a-expander-partial-collapse-content a-expander-content-expanded"" aria-expanded=""true"">\n<div class=""a-expander-content a-expander-partial-collapse-content a-expander-content-expanded"" aria-expanded=""true"">\n<div class=""a-expander-content a-expander-partial-collapse-content a-expander-content-expanded"" aria-expanded=""true"">\n<div class=""a-expander-content a-expander-partial-collapse-content a-expander-content-expanded"" aria-expanded=""true"">\n<div class=""a-expander-content a-expander-partial-collapse-content a-expander-content-expanded"" aria-expanded=""true"">\n<div class=""a-expander-content a-expander-partial-collapse-content a-expander-content-expanded"" aria-expanded=""true"">\n<div class=""a-expander-content a-expander-partial-collapse-content a-expander-content-expanded"" aria-expanded=""true"">\n<div class=""a-expander-content a-expander-partial-collapse-content a-expander-content-expanded"" aria-expanded=""true"">\n<div class=""a-expander-content a-expander-partial-collapse-content a-expander-content-expanded"" aria-expanded=""true"">\n<div class=""a-expander-content a-expander-partial-collapse-content a-expander-content-expanded"" aria-expanded=""true"">\n<div class=""a-expander-content a-expander-partial-collapse-content a-expander-content-expanded"" aria-expanded=""true"">\n<div class=""a-expander-content a-expander-partial-collapse-content a-expander-content-expanded"" aria-expanded=""true"">\n<div class=""a-expander-content a-expander-partial-collapse-content a-expander-content-expanded"" aria-expanded=""true"">\n<div class=""a-expander-content a-expander-partial-collapse-content a-expander-content-expanded"" aria-expanded=""true"">\n<div class=""a-expander-content a-expander-partial-collapse-content a-expander-content-expanded"" aria-expanded=""true"">\n<div class=""a-expander-content a-expander-partial-collapse-content a-expander-content-expanded"" aria-expanded=""true"">\n<div class=""a-expander-content a-expander-partial-collapse-content a-expander-content-expanded"" aria-expanded=""true"">\n<div class=""a-expander-content a-expander-partial-collapse-content a-expander-content-expanded"" aria-expanded=""true"">\n<div class=""a-expander-content a-expander-partial-collapse-content a-expander-content-expanded"" aria-expanded=""true"">\n<div class=""a-expander-content a-expander-partial-collapse-content a-expander-content-expanded"" aria-expanded=""true"">\n<div class=""a-expander-content a-expander-partial-collapse-content"" aria-expanded=""false"">\n<div class=""a-expander-content a-expander-partial-collapse-content a-expander-content-expanded"" aria-expanded=""true"">\n<div class=""a-expander-content a-expander-partial-collapse-content a-expander-content-expanded"" aria-expanded=""true"">\n<div class=""a-expander-content a-expander-partial-collapse-content a-expander-content-expanded"" aria-expanded=""true"">\n<div class=""a-expander-content a-expander-partial-collapse-content"" aria-expanded=""false"">\n<div class=""a-expander-content a-expander-partial-collapse-content"" aria-expanded=""false"">\n<div class=""a-expander-content a-expander-partial-collapse-content"" aria-expanded=""false"">\n<div class=""a-expander-content a-expander-partial-collapse-content"" aria-expanded=""false"">\n<div class=""a-expander-content a-expander-partial-collapse-content"" aria-expanded=""false"">\n<div class=""a-expander-content a-expander-partial-collapse-content"" aria-expanded=""false"">\n<div class=""a-expander-content a-expander-partial-collapse-content"" aria-expanded=""false"">\n<div class=""a-expander-content a-expander-partial-collapse-content"" aria-expanded=""false"">\n<div class=""a-expander-content a-expander-partial-collapse-content"" aria-expanded=""false"">\n<div class=""a-expander-content a-expander-partial-collapse-content"" aria-expanded=""false"">\n<div class=""a-expander-content a-expander-partial-collapse-content"" aria-expanded=""false"">\n<div class=""a-expander-content a-expander-partial-collapse-content"" aria-expanded=""false"">\n<div class=""a-expander-content a-expander-partial-collapse-content"" aria-expanded=""false"">\n<div class=""a-expander-content a-expander-partial-collapse-content"" aria-expanded=""false"">\n<div class=""a-expander-content a-expander-partial-collapse-content"" aria-expanded=""false"">\n<div class=""a-expander-content a-expander-partial-collapse-content"" aria-expanded=""false"">\n<div class=""a-expander-content a-expander-partial-collapse-content"" aria-expanded=""false"">\n<div class=""a-expander-content a-expander-partial-collapse-content"" aria-expanded=""false"">\n<div class=""a-expander-content a-expander-partial-collapse-content"" aria-expanded=""false"">\n<div class=""a-expander-content a-expander-partial-collapse-content"" aria-expanded=""false"">""Disaster Management and Risk Reduction” is a comprehensive and informative book that delves into the intricate field of disaster management and risk reduction. It offers a thorough examination of the key concepts, principles, and best practices related to disaster preparedness, response, recovery, and mitigation. Written by experts in the field, the book provides valuable insights into the complexities of managing and reducing disaster risks, making it an essential resource for disaster management professionals, policymakers, researchers, and students. The book covers a wide range of topics, including the various phases of disaster management, the role of government agencies and non-governmental organizations, the importance of early warning systems, and the integration of technology and science into disaster response. It also emphasizes the significance of risk reduction strategies, such as resilient infrastructure, land-use planning, and community engagement. The case studies and real-world examples presented in the book illustrate the practical applications of disaster management and risk reduction principles in diverse contexts. ""Disaster Management and Risk Reduction"" is an indispensable guide for those seeking a deeper understanding of how to effectively prepare for, respond to, and recover from disasters. It underscores the critical importance of proactive measures to reduce vulnerabilities and enhance resilience in the face of an increasingly unpredictable and changing world.</div>\n</div>\n</div>\n</div>\n</div>\n</div>\n</div>\n</div>\n</div>\n</div>\n</div>\n</div>\n</div>\n</div>\n</div>\n</div>\n</div>\n</div>\n</div>\n</div>\n</div>\n</div>\n</div>\n</div>\n</div>\n</div>\n</div>\n</div>\n</div>\n</div>\n</div>\n</div>\n</div>\n</div>\n</div>\n</div>\n</div>\n</div>\n</div>\n</div>\n</div>\n</div>\n</div>\n</div>\n</div>\n</div>\n</div>\n</div>\n</div>\n</div>",1,2,0.35,23,15,2.5,,565,AGPH Books,https://store.agphbooks.com/wp-content/uploads/2023/12/Disaster-Management-And-Risk-Reduction01-scaled.jpg,Name of Author,"Dr. S.N. Bansal@Sharad\, Dr. Sajal Mitra",1,0,ISBN Number,978-81-19832-27-9,1,0,No. of Pages,209,1,0,,,,,,,,,disaster-management-and-risk-reduction-2
5169,,branch of knowledge,1,0,"<article class=""text-token-text-primary w-full"" dir=""auto"" data-testid=""conversation-turn-6"" data-scroll-anchor=""true"">\n<div class=""text-base my-auto mx-auto py-5 px-6"">\n<div class=""mx-auto flex flex-1 text-base gap-4 md:gap-5 lg:gap-6 md:max-w-3xl group/turn-messages focus-visible:outline-hidden"" tabindex=""-1"">\n<div class=""group/conversation-turn relative flex w-full min-w-0 flex-col agent-turn @xs/thread:px-0 @sm/thread:px-1.5 @md/thread:px-4"">\n<div class=""relative flex-col gap-1 md:gap-3"">\n<div class=""flex max-w-full flex-col grow"">\n<div class=""min-h-8 text-message relative flex w-full flex-col items-end gap-2 text-start break-words whitespace-normal [.text-message+&amp;]:mt-5"" dir=""auto"" data-message-author-role=""assistant"" data-message-id=""d14fda46-9c2a-4bdd-864c-f72c0a1a0e20"" data-message-model-slug=""gpt-4o-mini"">\n<div class=""flex w-full flex-col gap-1 empty:hidden first:pt-[3px]"">\n<div class=""markdown prose dark:prose-invert w-full break-words light"">\n<p class="""" data-start=""281"" data-end=""562""><strong data-start=""281"" data-end=""304"">Branch of Knowledge</strong> is an engaging and interactive educational book designed for <strong data-start=""366"" data-end=""394"">LKG (Lower Kindergarten)</strong> students. It introduces young learners to essential subjects like <strong data-start=""461"" data-end=""501"">English, Math, Environmental Studies</strong>, and <strong data-start=""507"" data-end=""528"">General Knowledge</strong> in a colorful and accessible way.</p>\n<p class="""" data-start=""564"" data-end=""854"">This book isn't just about learning facts—it's about discovery. Through vivid illustrations and hands-on activities, children develop foundational skills while enjoying the learning process. The book includes everything from the alphabet and numbers to animals, seasons, colors, and shapes.</p>\n<p class="""" data-start=""856"" data-end=""1101"">Moreover, each section is designed to spark curiosity. The activities help children practice tracing, matching, coloring, and drawing. These tasks are great for improving fine motor skills, hand-eye coordination, and early cognitive development.</p>\n<p class="""" data-start=""1103"" data-end=""1424"">Parents and teachers alike will find it easy to guide children through this book. Its clean layout and age-appropriate content make it suitable for both classroom and home use. Whether used as a primary learning tool or a supplementary resource, <strong data-start=""1349"" data-end=""1372"">Branch of Knowledge</strong> builds confidence in young learners from the start.</p>\n\n\n<hr class="""" data-start=""1426"" data-end=""1429"" />\n\n<h3 class="""" data-start=""1431"" data-end=""1473"">🔍 <strong data-start=""1438"" data-end=""1473"">Why Choose Branch of Knowledge?</strong></h3>\n<ul data-start=""1475"" data-end=""1713"">\n 	<li class="""" data-start=""1475"" data-end=""1530"">\n<p class="""" data-start=""1477"" data-end=""1530"">Covers multiple early learning subjects in one book</p>\n</li>\n 	<li class="""" data-start=""1531"" data-end=""1592"">\n<p class="""" data-start=""1533"" data-end=""1592"">Combines fun with education through interactive exercises</p>\n</li>\n 	<li class="""" data-start=""1593"" data-end=""1650"">\n<p class="""" data-start=""1595"" data-end=""1650"">Enhances vocabulary, counting, and observation skills</p>\n</li>\n 	<li class="""" data-start=""1651"" data-end=""1713"">\n<p class="""" data-start=""1653"" data-end=""1713"">Ideal for preschool, daycare, and homeschooling environments</p>\n</li>\n</ul>\n\n<hr class="""" data-start=""1715"" data-end=""1718"" />\n\n<h3 class="""" data-start=""1720"" data-end=""1749"">🔗 <strong data-start=""1727"" data-end=""1749"">You May Also Like:</strong></h3>\n<ul data-start=""1751"" data-end=""2167"">\n 	<li class="""" data-start=""1751"" data-end=""1855"">\n<p class="""" data-start=""1753"" data-end=""1855""><a class="""" href=""https://store.agphbooks.com/product/little-artist/"" target=""_new"" rel=""noopener"" data-start=""1753"" data-end=""1853"">Little Artist – Coloring &amp; Creativity Book</a></p>\n</li>\n 	<li class="""" data-start=""1856"" data-end=""1970"">\n<p class="""" data-start=""1858"" data-end=""1970""><a class="""" href=""https://store.agphbooks.com/product/joy-of-small-writing/"" target=""_new"" rel=""noopener"" data-start=""1858"" data-end=""1968"">Joy of Small Writing – Improve Writing Skills</a></p>\n</li>\n 	<li class="""" data-start=""1971"" data-end=""2167"">\n<p class="""" data-start=""1973"" data-end=""2167""><a class="""" href=""https://store.agphbooks.com/product/%e0%a4%b6%e0%a4%ac%e0%a5%8d%e0%a4%a6-%e0%a4%b2%e0%a5%87%e0%a4%96%e0%a4%a8-%e0%a4%b5%e0%a4%bf%e0%a4%a7%e0%a4%bf/"" target=""_new"" rel=""noopener"" data-start=""1973"" data-end=""2167"">शब्द लेखन विधि – Hindi Writing Practice</a></p>\n</li>\n</ul>\n</div>\n</div>\n</div>\n</div>\n</div>\n</div>\n</div>\n</div>\n</article>\n<div class=""pointer-events-none h-px w-px"" aria-hidden=""true"" data-edge=""true""></div>",0,,0.35,30,21,1,149,299,AG Kids > LKG,https://store.agphbooks.com/wp-content/uploads/2025/03/8-x-11-LKG-branch-of-knowledge-Front-1.png,,,,,,,,,,,,,,,,,Branch of Knowledge,"Branch of Knowledge – an LKG-level educational book covering English, Math, and General Awareness through engaging visuals and fun exercises",74,,branch-of-knowledge-2
9308,,"advanced research techniques: theories, methods, and practices (volume-2)",1,0,"Advanced Research Techniques: Theories, Methods, and Practices is a comprehensive and insightful guide that bridges the gap between foundational research knowledge and contemporary research innovations. This book is tailored for students, academics, and professionals across disciplines who seek to elevate their understanding of research methodologies in an ever-evolving academic and technological landscape.\nThe book covers a wide range of topics, from traditional research theories and frameworks to advanced methods, including big data analytics, artificial intelligence in research, computer-assisted qualitative analysis, and mixed-methods design. Each chapter is designed to offer a clear conceptual foundation, followed by practical applications and real-world examples, enabling readers to implement these techniques effectively in their own work.\nEmphasis is placed on ethical research practices, data transparency, and methodological rigor. The book also addresses the growing importance of interdisciplinary research and equips readers with tools to navigate complex research questions using both qualitative and quantitative approaches.\nAdvanced Research Techniques is more than just a textbook it is a strategic resource for developing the critical thinking, technical skills, and ethical awareness necessary for conducting high-impact research. Whether used as a course companion or a reference guide, this book empowers readers to explore, question, and innovate in their research endeavors.",1,1,0.35,23,15,2.5,,590,AGPH Books,https://store.agphbooks.com/wp-content/uploads/2025/07/Advanced-Research-Techniques-Theories-Methods-and-Practices-VOLUME-2-scaled.avif,Name of Author,"Dr. R. SUNDAR\, Dr. N. MALIQJAN",1,0,ISBN Number,978-93-49028-02-9,1,0,No. Of Pages,99,1,0,,,,,,,,,advanced-research-techniques-theories-methods-and-practices-volume-2-2
2143,,additive manufacturing and 3d printing technology,1,0,"<div class=""a-expander-content a-expander-partial-collapse-content a-expander-content-expanded"" aria-expanded=""true"">\n\n""Additive Manufacturing and 3D Printing Technology"" is a comprehensive examination of the transformative developments in manufacturing processes that additive manufacturing (AM) and 3D printing technologies have introduced. With contributions from domain authorities, this book explores the theoretical underpinnings, pragmatic implementations, and revolutionary possibilities of these state-of-the-art technologies. The initial segment of the book offers a comprehensive overview of the fundamental tenets of additive manufacturing, explicating the conceptual underpinnings of layer-by-layer construction and the wide array of materials utilized in this new technique.\n\nThe subsequent chapters of the book provide a comprehensive analysis of the diverse industrial applications of additive manufacturing. The content provide an extensive analysis of the ways in which 3D printing has transformed conventional manufacturing methods in sectors ranging from consumer goods and healthcare to aerospace and automotive, demonstrating how it has enabled unprecedented increases in design flexibility and efficiency. In addition to examining the advantages and disadvantages of these technologies, the book offers a balanced assessment of their present condition and potential for the future. The book concludes with a look at additive manufacturing's current trends, research, and possibilities for mainstream industrial integration. This book helps academics, researchers, and industry experts comprehend how additive manufacturing and 3D printing will change manufacturing with its thorough treatment.\n\n</div>",1,2,0.35,23,15,2.5,,599,AGPH Books,https://store.agphbooks.com/wp-content/uploads/2023/11/Additive-Manufacturing-and-3D-Printing-Technology.jpg,Name of Author,Dr. Yenda Srinivasa Rao,1,0,ISBN Number,978-81-19843-14-5,1,0,,,,,,,,,,,,,additive-manufacturing-and-3d-printing-technology-2
1520,,a textbook of pharmaceutical jurisprudence,-1,0,"<div class=""page"" title=""Page 1"">\n<div class=""section"">\n<div class=""layoutArea"">\n<div class=""column"">\n<div class=""a-expander-content a-expander-partial-collapse-content a-expander-content-expanded"" aria-expanded=""true"">\n<div class=""a-expander-content a-expander-partial-collapse-content a-expander-content-expanded"" aria-expanded=""true"">\n<div class=""a-expander-content a-expander-partial-collapse-content a-expander-content-expanded"" aria-expanded=""true"">\n<div class=""a-expander-content a-expander-partial-collapse-content a-expander-content-expanded"" aria-expanded=""true"">\n<div id=""bookDescription_feature_div"" class=""celwidget"" data-feature-name=""bookDescription"" data-csa-c-type=""widget"" data-csa-c-content-id=""bookDescription"" data-csa-c-slot-id=""bookDescription_feature_div"" data-csa-c-asin=""8119025032"" data-csa-c-is-in-initial-active-row=""false"" data-csa-c-id=""rt9f7t-e7k29e-61xrp6-61fzhi"" data-cel-widget=""bookDescription_feature_div"">\n<div class=""a-expander-collapsed-height a-row a-expander-container a-spacing-base a-expander-partial-collapse-container"" data-a-expander-name=""book_description_expander"" data-a-expander-collapsed-height=""140"">\n<div class=""a-expander-content a-expander-partial-collapse-content"" aria-expanded=""false"">\n<div class=""a-expander-content a-expander-partial-collapse-content a-expander-content-expanded"" aria-expanded=""true"">\n<div class=""a-expander-content a-expander-partial-collapse-content a-expander-content-expanded"" aria-expanded=""true"">\n<div class=""a-expander-content a-expander-partial-collapse-content a-expander-content-expanded"" aria-expanded=""true"">\n<div class=""a-expander-content a-expander-partial-collapse-content a-expander-content-expanded"" aria-expanded=""true"">\n<div class=""a-expander-content a-expander-partial-collapse-content a-expander-content-expanded"" aria-expanded=""true"">\n<div class=""a-expander-content a-expander-partial-collapse-content a-expander-content-expanded"" aria-expanded=""true"">\n<div class=""a-expander-content a-expander-partial-collapse-content a-expander-content-expanded"" aria-expanded=""true"">\n<div class=""a-expander-content a-expander-partial-collapse-content a-expander-content-expanded"" aria-expanded=""true"">\n<div class=""a-expander-content a-expander-partial-collapse-content a-expander-content-expanded"" aria-expanded=""true"">\n<div class=""a-expander-content a-expander-partial-collapse-content a-expander-content-expanded"" aria-expanded=""true"">\n<div class=""a-expander-content a-expander-partial-collapse-content a-expander-content-expanded"" aria-expanded=""true"">\n<div class=""a-expander-content a-expander-partial-collapse-content a-expander-content-expanded"" aria-expanded=""true"">\n<div class=""a-expander-content a-expander-partial-collapse-content a-expander-content-expanded"" aria-expanded=""true"">\n<div class=""a-expander-content a-expander-partial-collapse-content a-expander-content-expanded"" aria-expanded=""true"">\n<div class=""a-expander-content a-expander-partial-collapse-content a-expander-content-expanded"" aria-expanded=""true"">\n<div class=""a-expander-content a-expander-partial-collapse-content a-expander-content-expanded"" aria-expanded=""true"">\n<div class=""a-expander-content a-expander-partial-collapse-content a-expander-content-expanded"" aria-expanded=""true"">\n<div class=""a-expander-content a-expander-partial-collapse-content a-expander-content-expanded"" aria-expanded=""true"">\n<div class=""a-expander-content a-expander-partial-collapse-content a-expander-content-expanded"" aria-expanded=""true"">\n<div class=""a-expander-content a-expander-partial-collapse-content a-expander-content-expanded"" aria-expanded=""true"">\n<div class=""a-expander-content a-expander-partial-collapse-content a-expander-content-expanded"" aria-expanded=""true"">\n<div class=""a-expander-content a-expander-partial-collapse-content a-expander-content-expanded"" aria-expanded=""true"">\n<div class=""a-expander-content a-expander-partial-collapse-content a-expander-content-expanded"" aria-expanded=""true"">\n<div class=""a-expander-content a-expander-partial-collapse-content a-expander-content-expanded"" aria-expanded=""true"">\n<div class=""a-expander-content a-expander-partial-collapse-content a-expander-content-expanded"" aria-expanded=""true"">\n<div class=""a-expander-content a-expander-partial-collapse-content a-expander-content-expanded"" aria-expanded=""true"">\n<div class=""a-expander-content a-expander-partial-collapse-content a-expander-content-expanded"" aria-expanded=""true"">\n<div class=""a-expander-content a-expander-partial-collapse-content a-expander-content-expanded"" aria-expanded=""true"">\n<div class=""a-expander-content a-expander-partial-collapse-content a-expander-content-expanded"" aria-expanded=""true"">\n<div class=""a-expander-content a-expander-partial-collapse-content a-expander-content-expanded"" aria-expanded=""true"">\n<div class=""a-expander-content a-expander-partial-collapse-content a-expander-content-expanded"" aria-expanded=""true"">\n<div class=""a-expander-content a-expander-partial-collapse-content a-expander-content-expanded"" aria-expanded=""true"">\n<div class=""a-expander-content a-expander-partial-collapse-content a-expander-content-expanded"" aria-expanded=""true"">\n<div class=""a-expander-content a-expander-partial-collapse-content a-expander-content-expanded"" aria-expanded=""true"">\n<div class=""a-expander-content a-expander-partial-collapse-content a-expander-content-expanded"" aria-expanded=""true"">\n<div class=""a-expander-content a-expander-partial-collapse-content a-expander-content-expanded"" aria-expanded=""true"">\n<div class=""a-expander-content a-expander-partial-collapse-content a-expander-content-expanded"" aria-expanded=""true"">\n<div class=""a-expander-content a-expander-partial-collapse-content a-expander-content-expanded"" aria-expanded=""true"">\n<div class=""a-expander-content a-expander-partial-collapse-content a-expander-content-expanded"" aria-expanded=""true"">\n<div class=""a-expander-content a-expander-partial-collapse-content a-expander-content-expanded"" aria-expanded=""true"">\n<div class=""a-expander-content a-expander-partial-collapse-content a-expander-content-expanded"" aria-expanded=""true"">\n<div class=""a-expander-content a-expander-partial-collapse-content a-expander-content-expanded"" aria-expanded=""true"">It is important to regularly examine and update the course curriculum of any educational programme. In high-income nations, students take a pharmaceutical jurisprudence curriculum to learn about the rules and laws that govern the pharmacy of pharmacy today. Penalties for breaking the violation, patient benefits, and following the regulations to prevent litigation are among the subjects covered. In India, students take a course called Pharmaceutical Jurisprudence, which covers all sorts of laws and rules, many of which have nothing to do with the pharmacy industry. The PCI-regulated pharmaceutical jurisprudence course for D. Pharm. and Pharm. D. programmes etc. By reading this book, readers will get an understanding of the many laws in India that affect the pharmacy profession. This course focuses on the provisions of the Food, Drug, and Cosmetic Act and any subsequent revisions. Also included are the Pharmacy Act, the Dangerous Drugs Act, the Medical and Toilet Preparation Act, and others. There will also be talks on the new drug policy, professional ethics, the DPCO, and the patent and design Act.</div>\n<div class=""a-expander-header a-expander-partial-collapse-header""></div>\n</div>\n<div class=""a-expander-header a-expander-partial-collapse-header""></div>\n</div>\n<div class=""a-expander-header a-expander-partial-collapse-header""></div>\n</div>\n<div class=""a-expander-header a-expander-partial-collapse-header""></div>\n</div>\n<div class=""a-expander-header a-expander-partial-collapse-header""></div>\n</div>\n<div class=""a-expander-header a-expander-partial-collapse-header""></div>\n</div>\n<div class=""a-expander-header a-expander-partial-collapse-header""></div>\n</div>\n<div class=""a-expander-header a-expander-partial-collapse-header""></div>\n</div>\n<div class=""a-expander-header a-expander-partial-collapse-header""></div>\n</div>\n<div class=""a-expander-header a-expander-partial-collapse-header""></div>\n</div>\n<div class=""a-expander-header a-expander-partial-collapse-header""></div>\n</div>\n<div class=""a-expander-header a-expander-partial-collapse-header""></div>\n</div>\n<div class=""a-expander-header a-expander-partial-collapse-header""></div>\n</div>\n<div class=""a-expander-header a-expander-partial-collapse-header""></div>\n</div>\n<div class=""a-expander-header a-expander-partial-collapse-header""></div>\n</div>\n<div class=""a-expander-header a-expander-partial-collapse-header""></div>\n</div>\n<div class=""a-expander-header a-expander-partial-collapse-header""></div>\n</div>\n<div class=""a-expander-header a-expander-partial-collapse-header""></div>\n</div>\n<div class=""a-expander-header a-expander-partial-collapse-header""></div>\n</div>\n<div class=""a-expander-header a-expander-partial-collapse-header""></div>\n</div>\n<div class=""a-expander-header a-expander-partial-collapse-header""></div>\n</div>\n<div class=""a-expander-header a-expander-partial-collapse-header""></div>\n</div>\n<div class=""a-expander-header a-expander-partial-collapse-header""></div>\n</div>\n<div class=""a-expander-header a-expander-partial-collapse-header""></div>\n</div>\n<div class=""a-expander-header a-expander-partial-collapse-header""></div>\n</div>\n<div class=""a-expander-header a-expander-partial-collapse-header""></div>\n</div>\n<div class=""a-expander-header a-expander-partial-collapse-header""></div>\n</div>\n<div class=""a-expander-header a-expander-partial-collapse-header""></div>\n</div>\n<div class=""a-expander-header a-expander-partial-collapse-header""></div>\n</div>\n<div class=""a-expander-header a-expander-partial-collapse-header""></div>\n</div>\n<div class=""a-expander-header a-expander-partial-collapse-header""></div>\n</div>\n<div class=""a-expander-header a-expander-partial-collapse-header""></div>\n</div>\n<div class=""a-expander-header a-expander-partial-collapse-header""></div>\n</div>\n<div class=""a-expander-header a-expander-partial-collapse-header""></div>\n</div>\n<div class=""a-expander-header a-expander-partial-collapse-header""></div>\n</div>\n<div class=""a-expander-header a-expander-partial-collapse-header""></div>\n</div>\n<div class=""a-expander-header a-expander-partial-collapse-header""></div>\n</div>\n<div class=""a-expander-header a-expander-partial-collapse-header""></div>\n</div>\n<div class=""a-expander-header a-expander-partial-collapse-header""></div>\n</div>\n<div class=""a-expander-header a-expander-partial-collapse-header""></div>\n</div>\n<div class=""a-expander-header a-expander-partial-collapse-header""></div>\n</div>\n<div class=""a-expander-header a-expander-partial-collapse-header""></div>\n</div>\n</div>\n</div>\n<div id=""globalStoreInfoBullets_feature_div"" class=""celwidget"" data-feature-name=""globalStoreInfoBullets"" data-csa-c-type=""widget"" data-csa-c-content-id=""globalStoreInfoBullets"" data-csa-c-slot-id=""globalStoreInfoBullets_feature_div"" data-csa-c-asin=""8119025032"" data-csa-c-is-in-initial-active-row=""false"" data-csa-c-id=""h18wai-6jl37k-jqugb-6dhedf"" data-cel-widget=""globalStoreInfoBullets_feature_div""></div>\n<div id=""edpIngress_feature_div"" class=""celwidget"" data-feature-name=""edpIngress"" data-csa-c-type=""widget"" data-csa-c-content-id=""edpIngress"" data-csa-c-slot-id=""edpIngress_feature_div"" data-csa-c-asin=""8119025032"" data-csa-c-is-in-initial-active-row=""false"" data-csa-c-id=""8r81sg-beed35-6k6ta7-fjd72q"" data-cel-widget=""edpIngress_feature_div""></div>\n<div id=""richProductInformation_feature_div"" class=""celwidget"" data-feature-name=""richProductInformation"" data-csa-c-type=""widget"" data-csa-c-content-id=""richProductInformation"" data-csa-c-slot-id=""richProductInformation_feature_div"" data-csa-c-asin=""8119025032"" data-csa-c-is-in-initial-active-row=""false"" data-csa-c-id=""pi3le0-jyt849-p1t4z8-dsc8k9"" data-cel-widget=""richProductInformation_feature_div"">\n<div id=""rich_product_information"" class=""a-section a-spacing-none celwidget"" data-csa-c-id=""c1ha4j-5wqe5d-36uc16-3beehi"" data-cel-widget=""rich_product_information""></div>\n</div>\n</div>\n<div class=""a-expander-header a-expander-partial-collapse-header""></div>\n</div>\n<div class=""a-expander-header a-expander-partial-collapse-header""></div>\n</div>\n<div class=""a-expander-header a-expander-partial-collapse-header""></div>\n</div>\n<div class=""a-expander-header a-expander-partial-collapse-header""></div>\n</div>\n</div>\n</div>\n</div>",1,2,0.35,23,15,2.5,,696,AGPH Books,https://store.agphbooks.com/wp-content/uploads/2023/04/23-3.jpg,Author,"Prof.( Dr.) Ashish Kumar Srivastava\, Dr. Surya Bhushan Dubey\, Mr. Shobhit Mani Tiwari\, Mr. Himanshu Shukla",1,0,ISBN,978-81-19025-84-8,1,0,Language,English,1,0,,,,,,,,,a-textbook-of-pharmaceutical-jurisprudence-2
