ID,SKU,Name,Published,Is featured?,Description,In stock?,Stock,Weight (kg),Length (cm),Width (cm),Height (cm),Sale price,Regular price,Categories,Images,Attribute 1 name,Attribute 1 value(s),Attribute 1 visible,Attribute 1 global,Attribute 2 name,Attribute 2 value(s),Attribute 2 visible,Attribute 2 global,Attribute 3 name,Attribute 3 value(s),Attribute 3 visible,Attribute 3 global,Attribute 4 name,Attribute 4 value(s),Attribute 4 visible,Attribute 4 global,Meta: _yoast_wpseo_focuskw,Meta: _yoast_wpseo_metadesc,Meta: _yoast_wpseo_linkdex,Meta: _yoast_wpseo_title
2894,,सामुदायिक विकास Community Development,1,0,"आधुयिक समि में तकिीकी विकास, िैज्ञायिक ज्ञाि के साथ समाज कािय का भी महत्ि बढ़ गिा है। जजससे सामुदायिक विकास के ज्ञाि का आिश्िक हो गिा है।\n2 अक्टूबर 1952 को महात्मा गाांधी के जन्मददि पर भारत में सामुदायिक विकास काियक्रम का शुभारांभ ककिा गिा जजसका उद्देश्ि भारत जो कृवि उत्पादक देश है; अतः कृवि उत्पादकता को बढ़ािा ममले, कृवि तकिीकी में सुधार हो, गरीबी, अमशक्षा, बीमारी में व्िापक कमी है उसमे सुधार हो, बुयििादी सुविधाओां का विकास हो, लोगों को उिकी क्षमता के अिुरूप प्रमशक्षण एिां कौशल ममले जजससे िह आजीविका से जुड़ सकें, लैंगगक समािता को बढ़ािा ममले, जजससे मदहलाओां पर हो रहे अत्िाचार पर रोक लगा सके एिां मदहला सशजक्तकरण को बढ़ािा ममले। ग्रामीण समुदाि के सामुदायिक काियक्रम में यिणयि लेिे की प्रकक्रिाओां और विकास पररिोजिा के काियन्ििि मैं ग्रामीणों की भागीदारी सुयिजश्चत हो सके।\nप्रस्तुत पुस्तक सामुदायिक विकास में सामुदायिक विकास का अथय, सामुदायिक विकास की ऐयतहामसक पृष्ठभूमम, दशयि मसद्धाांत उद्देश्ि, चरण, ग्रामीण समुदाि, ग्रामीण िेतृत्ि, ग्रामीण िेता की भूममका, सामुदायिक विकास काियक्रम, काियक्रम यििोजि के चरण, मूलिाांकि के तरीके, सामुदायिक विकास काियक्रम के मूलिाांकि के मलए गदठत विमभन्ि सममयतिाां, पांचािती राज व्ििस्था, सामुदायिक विकास के प्रशासयिक ढाांचा, सामुदायिक सांगठि, चरण, सामुदायिक सांगठि काियकताय की भूममका, कौशल विकास के मलए तात्कामलक िोजिाएां, मशक्षा, रोजगार,स्िास््ि, पोिण एिां मदहलाओां से सांबांगधत ितयमाि राष्रीि विकास सांबांधी िोजिाओां को अध्िाि में शाममल ककिा गिा है।\nप्रस्तुत पुस्तक में भारतीि एिां विदेशी के पुस्तकों एिां शोध आलेखों का सहारा मलिा गिा है। इसके मलए मैं उिके हृदि से आभारी हूां उिके विचारों के बबिा विद्िागथयिों के मलए सामुदायिक विकास से सांबांगधत समस्त पहलुओां को इस पुस्तक में शाममल करिा सांभि िहीां था। साथ ही मेरे पयत श्री हीरािन्द िरिररिा जी जो की समाज कािय में स्िातकोत्तर हैं उिके विचारों को भी इस पुस्तक में स्थाि देिे का प्रिास ककिा गिा है।\nप्रस्तुत पुस्तक ििीि मशक्षा पद्धयत 2020 के बीएचएससी (गहविज्ञाि) f}rh; ििय के पाठ्िक्रम पर आधाररत है।\nविद्िागथयिों की सुविधा के मलए इस पुस्तक की भािा शैली सरल, सुबोध, सुस्पष्ट बिािे का प्रिास ककिा गिा है।\nआशा है की ििीि मशक्षा पद्धयत 2020 के पाठ्िक्रम पर आधाररत सामुदायिक विकास िामक पुस्तक विद्िागथयिों के मलए उपिोगी रहेगी। इसकी पाठ्ि सामग्री ि केिल गृह विज्ञाि के विद्िागथयिों के मलए उपिोगी है, साथ ही समाज कािय से जुड़े विद्िागथयिों के मलए भी यिजश्चत लाभाजन्ित रहेगी। पुस्तक के कलेिर को अगधक उपिोगी बिािे के मलए पाठकों के सुझाि सदैि आमांबित रहेंगे,",1,1,0.35,23,15,2.5,,590,AGPH Books,https://store.agphbooks.com/wp-content/uploads/2024/06/Screenshot-2024-06-25-131421.jpg,Name of Author,Dr. Bhavna Ramaiya,1,0,ISBN Number,978-81-970413-7-2,1,0,No. Of Pages,262,1,0,,,,,,,,
2821,,सामुदायिक एवं स्वास्थ्य मनोविज्ञान,1,0,"<div class=""a-expander-content a-expander-partial-collapse-content"" aria-expanded=""false"">\n<div class=""a-expander-content a-expander-partial-collapse-content"" aria-expanded=""false"">\n<div class=""a-expander-content a-expander-partial-collapse-content"" aria-expanded=""false"">\n<div class=""a-expander-content a-expander-partial-collapse-content"" aria-expanded=""false"">\n<div class=""a-expander-content a-expander-partial-collapse-content"" aria-expanded=""false"">\n<div class=""a-expander-content a-expander-partial-collapse-content a-expander-content-expanded"" aria-expanded=""true"">\n<div class=""a-expander-content a-expander-partial-collapse-content"" aria-expanded=""false"">\n<div class=""a-expander-content a-expander-partial-collapse-content a-expander-content-expanded"" aria-expanded=""true"">\n<div class=""a-expander-content a-expander-partial-collapse-content"" aria-expanded=""false"">\n<div class=""a-expander-content a-expander-partial-collapse-content a-expander-content-expanded"" aria-expanded=""true"">\n<div class=""a-expander-content a-expander-partial-collapse-content a-expander-content-expanded"" aria-expanded=""true"">\n<div class=""a-expander-content a-expander-partial-collapse-content a-expander-content-expanded"" aria-expanded=""true"">\n<div class=""a-expander-content a-expander-partial-collapse-content a-expander-content-expanded"" aria-expanded=""true"">\n<div class=""a-expander-content a-expander-partial-collapse-content a-expander-content-expanded"" aria-expanded=""true"">\n<div class=""a-expander-content a-expander-partial-collapse-content a-expander-content-expanded"" aria-expanded=""true"">\n<div id=""bookDescription_feature_div"" class=""celwidget"" data-feature-name=""bookDescription"" data-csa-c-type=""widget"" data-csa-c-content-id=""bookDescription"" data-csa-c-slot-id=""bookDescription_feature_div"" data-csa-c-asin=""8197305005"" data-csa-c-is-in-initial-active-row=""false"" data-csa-c-id=""dgxqmm-owry5v-upv7rl-twopfd"" data-cel-widget=""bookDescription_feature_div"">\n<div class=""a-expander-collapsed-height a-row a-expander-container a-spacing-base a-expander-partial-collapse-container"" data-a-expander-name=""book_description_expander"" data-a-expander-collapsed-height=""280"">\n<div class=""a-expander-content a-expander-partial-collapse-content"" aria-expanded=""false"">""सामुदायिक और स्वास्थ्य मनोविज्ञान"" सामुदायिक गतिशीलता और व्यक्तिगत स्वास्थ्य के बीच जटिल संबंध को समझने के लिए एक व्यापक मार्गदर्शिका के रूप में कार्य करता है। क्षेत्र के अथणी विशेषज्ञों ‌द्वारा लिखित, यह पुस्तक मनोवैज्ञानिक कारकों, सामाजिक संरचनाओं और स्वास्थ्य देखभाल परिणामों के बीच बहुमुखी अंतरसंबंध पर प्रकाश डालती है। इसके मूल में, पुस्तक यह बताती है कि समुदाय स्वास्थ्य व्यवहार, स्वास्थ्य सेवाओं तक पहुंच और समय कल्याण को कैसे आकार देते हैं। यह स्वास्थ्य के सामाजिक निर्धारकों, जैसे सामाजिक आर्थिक स्थिति, सांस्कृतिक मानदंडों और पर्यावरणीय कारको पर प्रकाश डालता है, व्यक्तिगत और सामूहिक स्वास्थ्य परिणामों पर उनके गहरे प्रभाव पर प्रकाश डालता है। सैद्धांतिक ढांचे, अनुभवजन्य अनुसंधान और व्यावहारिक अंतर्दृष्टि के मिश्रण के माध्यम से, पाठकों को सामुदायिक स्वास्थ्य असमानताओं में योगदान करने वाले प्रभावों के जटिल वेब की सूक्ष्म समझ प्राप्त होती है। इसके अलावा, ""सामुदायिक और स्वास्थ्य मनोविज्ञान"" स्वास्थ्य समानता को बढ़ावा देने और सामुदायिक लचीलेपन को बढ़ावा देने के लिए कार्रवाई योग्य रणनीतियाँ प्रदान करता है। यह स्वास्थ्य चुनौतियों के समाधान में सामुदायिक सहभागिता, भागीदारी दृष्टिकोण और सांस्कृतिक रूप से संवेदनशील हस्तक्षेप के महत्व पर जोर देता है। समुदायों को अपने स्वयं के स्वास्थ्य संवर्धन प्रयासों में सक्रिय भूमिका निभाने के लिए सशक्त बनाकर, यह पुस्तक स्वास्थ्य देखभाल के लिए एक समय दृष्टिकोण की वकालत करती है जो पारंपरिक चिकित्सा मॉडल से परे है।</div>\n</div>\n</div>\n</div>\n</div>\n</div>\n</div>\n</div>\n</div>\n</div>\n</div>\n</div>\n</div>\n</div>\n</div>\n</div>\n</div>\n</div>",1,1,0.35,23,15,2.5,,490,AGPH Books,https://store.agphbooks.com/wp-content/uploads/2024/06/सामुदायिक-एवं-स्वास्थ्य-मनोविज्ञा-scaled.jpg,Name of Author,डॉ. अनीता सिंह,1,0,ISBN Number,978-81-973050-0-9,1,0,No. Of Pages,228,1,0,,,,,,,,
3245,,समाजशास्त्र के आधुनिक सिद्धांत,1,0,"समाजशास्त्र के आधुनिक सिद्धांत पुस्तक में समाजशास्त्र के विभिन्न सिद्धांतों का विस्तृत विश्लेषण किया गया है। इस पुस्तक में संघर्ष सिद्धांत, प्रतीकात्मक अंतःक्रिया, संरचनात्मक कार्यात्मकता, गतिशीलता सिद्धांत, और समाजिकरण सिद्धांत जैसे प्रमुख सिद्धांतों का अध्ययन किया गया है।\nइस पुस्तक में आधुनिक समाजशास्त्र के विकास की दिशा का विश्लेषण किया गया है। तथा समाजशास्त्र के भविष्य की चुनौतियों का अध्ययन शामिल है। यह पुस्तक समाजशास्त्र के छात्रों के लिए तथा शोधकर्ताओं के लिए, शिक्षकों के लिए और समाजशास्त्र में रुचि रखने वाले पाठकों और विद्वान तथा भारतीय सामाजिक परिदृश्य को समझने के इच्छुक नीति निर्माता और व्यवसायी लोगों के लिए तैयार की गई है।\nयह पुस्तक समाजशास्त्र के विभिन्न पहलुओं का विश्लेषण करती है। तथा समाज में परिवर्तन की प्रक्रिया को समझने में मदद करती है। इस पुस्तक में समाजशास्त्र के संरचनात्मक और संस्थागत पहलुओं की जाँच की गई है। गतिशीलता सिद्धांत, लैंगिक असमानता, व्यवहारवाद और सामाजिक संबंधों सहित समाजशास्त्र के सामने आने वाली प्रमुख चुनौतियों का विश्लेषण किया गया है। इस पुस्तक में आधुनिक समाजशास्त्र की उत्पत्ति से विकास तक सभी पहलुओं पर चर्चा की गई है। इसमें आधुनिक समाजशास्त्र के विभिन्न सिद्धांतकारों के सि‌द्धांतों की विस्तृत विवेचना की गयी है।",1,2,0.35,23,15,2.5,,590,AGPH Books,https://store.agphbooks.com/wp-content/uploads/2024/12/समाजशास्त्र-के-आधुनिक-सिद्धांत-2-front.png,Name of Author,प्रा. तानाजी रामभाऊ बोराडे,1,0,ISBN Number,978-81-980619-4-2,1,0,No. of Pages,248,1,0,,,,,,,,
3424,,शोध प्रविधि: एक परिचयात्मक दृष्टिकोण,1,0,"इस पुस्तक को शोध के क्षेत्र में एक महत्वपूर्ण और व्यापक मार्गदर्शिका के रूप में प्रस्तुत किया गया है, जिसका उ‌द्देश्य नए शोधकर्ताओं और छात्रों को शोध पद्धति की मूल अवधारणाओं और प्रक्रियाओं से परिचित कराना है। यह पुस्तक शोध के सभी प्रमुख चरणों जैसे शोध समस्या का चयन, साहित्य समीक्षा, शोध डिजाइन, डेटा संग्रह, डेटा विश्लेषण और परिणामों को निकालने आदि पर शुरू से अंत तक विस्तार से चर्चा करती है।\nयह पुस्तक शोध के दोनों प्रमुख प्रकारों, गुणात्मक और मात्रात्मक शोध की गहरी समझ प्रदान करती है, साथ ही उनके बीच अंतर और उनके उपयोग को भी स्पष्ट करती है। इसके अलावा, इसमें विभिन्न शोध तकनीकों और उपकरणों को भी शामिल किया गया है, जो शोधकर्ताओं को अपनी शोध प्रक्रिया को व्यवस्थित और सटीक बनाने में मदद करते हैं।\nयह पुस्तक उदाहरणों और केस स्टडीज़ के माध्यम से शोध पद्धति के विभिन्न पहलुओं को विशद रूप से प्रस्तुत करती है, ताकि पाठक वास्तविक शोध परिदृश्यों और उनके समाधानों में शामिल जटिलताओं को समझ सकें। ""शोध पद्धति एक परिचयात्मक दृष्टिकोण"" शोध के क्षेत्र में एक महत्वपूर्ण संदर्भ पुस्तक है, जो न केवल अकादमिक उ‌द्देश्यों की पूर्ति करती है, बल्कि व्यावहारिक शोध कार्यों में मार्गदर्शन भी प्रदान करती है। यह पुस्तक शोधकर्ताओं को अपने विचारों को वैज्ञानिक तरीके से प्रमाणित करने, नए ज्ञान की खोज करने और आलोचनात्मक सोच विकसित करने के लिए प्रेरित करती है।",1,2,0.35,23,15,2.5,590,690,AGPH Books,https://store.agphbooks.com/wp-content/uploads/2025/03/शोध-प्रविधि-एक-परिचयात्मक-दृष्टिकोण-scaled.jpg,Name of Author,डॉ. विनोद कुमार साहू,1,0,ISBN Number,978-93-49028-84-5,1,0,No. of Pages,213,1,0,,,,,,,,
3077,,शोध पद्धति: अनुसंधान के मूल तत्व और तकनीकें,1,0,"""शोध पद्धतिः अनुसंधान के मूल सिद्धांत और तकनीके"" शोध के सिद्धांर्ता और प्रथाओं के लिए एक व्यापक और सुलभ मार्गदर्शिका है। यह पुस्तक शोध प्रक्रिया का संपूर्ण परिचय प्रदान करती है, जिसमें अवधारणा से लेकर प्रसार तक शोध पद्धति के आवश्यक तों को शामिल किया गया है।\nइस पुस्तक में गुणात्मक और मात्रात्मक दोनों शोध विधियों को शामिल किया गया है। इसमें प्रयोगात्मक, सर्वेक्षण और केस स्टडी दृष्टिकोणों सहित विभिन्न शोध डिजाइनों की खोज शामिल है। तथा इसमें साक्षात्कार, अवलोकन और प्रश्नावली जैसी डेटा संग्रह तकनीकों पर चर्चा की गई है। यह पुस्तक सांख्यिकीय विश्लेषण और विषयगत विश्लेषण सहित डेटा विश्लेषण विधियों की जाँच करती है, तथा शोध नैतिकता, वैधता और विश्वसनीयता को संबोधित करती है। यह पुस्तक शोध करने के लिए व्यावहारिक सुझाव और दिशा-निर्देश प्रदान करती है।\nसामाजिक विज्ञान, प्राकृतिक विज्ञान और मानविकी में स्नातक और स्नातकोत्तर छात्र, शुरुआती करियर के शोधकर्ता और शिक्षाविद तथा अपने शोध कौशल को बढ़ाने के इच्छुक पेशेवर तथा शोध पद्धति और तकनीकों के बारे में जानने में रुचि रखने वाला कोई भी व्यक्ति इस पुस्तक को पढ़कर, शोध पद्धति की गहरी समझ प्राप्त कर सकता है और आत्मविश्वास के साथ अपनी स्वयं की शोध परियोजनाओं को डिजाइन करने, संचालित करने और संप्रेषित करने के कौशल विकसित कर सकता है।",1,2,0.35,23,15,2.5,,590,AGPH Books,https://store.agphbooks.com/wp-content/uploads/2024/10/an¦aNiano-an¬anaaNianoannan-anaan¿aNuananeanoanan¿-anoaNc-anaNean¦-annannaNian¦-anoan¦-annanoan¿aNCanoaNcane-Front.png.png,Name of Author,डॉ. धर्मेन्द्र पाटीदार,1,0,ISBN Number,978-81-977968-6-9,1,0,No. of Pages,237,1,0,,,,,,,,
3069,,शिक्षा का परिप्रेक्ष्य,1,0,"यह पुस्तक शिक्षा की अवधारणा की दार्शनिक, सामाजिक, सांस्कृतिक और आर्थिक संदर्भों सहित इसके विभिन्न पहलुओं की व्यापक खोज प्रदान करती है। यह शिक्षा के अंतर्निहित मूल सिद्धांतों और मूल्यों पर गहराई से चर्चा करती है, तथा आधुनिक युग में इसके विकसित होते परिदृश्य की जांच करती है। इस पुस्तक ""शिक्षा का परिपेक्ष्य"" में सामाजिक न्याय, समानता और मानवाधिकारों के साथ शिक्षा के अंतर्संबंधों का विश्लेषण, प्रभावी शिक्षण के लिए नवीन दृष्टिकोणों और शिक्षाशास्त्रों पर चर्चा तथा शिक्षा के भविष्य की कल्पना, इसकी परिवर्तनकारी क्षमता का दोहन शामिल है।\nयह पुस्तक शिक्षक, शोधकर्ता और विद्वान, शिक्षा की वास्तविक क्षमता को समझने की चाह रखने वाले किसी भी व्यक्ति के लिए एक मूल्यवान संसाधन है।\nइसमें शिक्षा की जटिलताओं का एक विचारोत्तेजक और व्यावहारिक अन्वेषण शामिल है।\nइस पुस्तक में शिक्षा का परिचय तथा शिक्षा पर दार्शनिक दृष्टिकोण पर ध्यान केंद्रित किया गया है। इसमें शिक्षा के सामाजिक और सांस्कृतिक संदर्भ, शिक्षा और सामाजिक न्याय तथा सीखने के लिए अभिनव दृष्टिकोण पर प्रकाश डाला गया है। इस पुस्तक में शिक्षा के भविष्य की कल्पना का महत्वपूर्ण विवरण दिया गया है।",1,2,0.55,23,15,3,,590,AGPH Books,https://store.agphbooks.com/wp-content/uploads/2024/10/शिक्षा-का-परिप्रेक्ष्यFront.png,Name of Author,डॉक्टर सुषमा पांडेय,1,0,ISBN Number,978-81-977477-6-2,1,0,No. of Pages,362,1,0,,,,,,,,
3200,,"शिक्षक प्रशिक्षण- प्रौद्योगिकी, कौशल और प्रथाएं",1,0,"शिक्षक छात्रों के जीवन में महत्वपूर्ण भूमिका निभाते हैं, उन्हें वह जानकारी और कौशल प्रदान करते हैं जिसकी उन्हें समकालीन दुनिया में सफल होने के लिए आवश्यकता होती है। पारंपरिक कौशल और तकनीकी शिक्षण और शैक्षणिक पाठ्यक्रमों के उद्देश्य के लिए अच्छी तरह से काम कर रही हैं।\n""शिक्षण-प्रशिक्षण प्रौद्योगिकी, कौशल और प्रथाएं एक आधुनिक शिक्षा की पुस्तक है जो शिक्षण प्रशिक्षण के क्षेत्र में प्रौद्योगिकी, कौशल और अभ्यास की महत्वपूर्णता को समझने के लिए एक विस्तृत अध्ययन प्रदान करती है। यह पुस्तक शिक्षकों, शिक्षा शास्त्रियों और शिक्षा में रुचि रखने वाले सभी व्यक्तियों के लिए उपयुक्त हैं। पुस्तक के मुख्य रूप से शिक्षण-प्रशिक्षण में शैक्षिक प्रौद्योगिकी, शिक्षण कौशल, संचार कौशल, शिक्षण रणनीतियाँ और पद्धतियाँ, कक्षा प्रबंधन प्रथाएं, समावेशी शिक्षा, तथा कौशल और अभ्यास की महत्त्वपूर्णता के बारे में बताया गया है। यह पुस्तक शिक्षण-प्रशिक्षण के क्षेत्र में प्रौद्योगिकी, कौशल और प्रतियोगिता की भूमिका को समझने के लिए एक मौलिक और उपयोगी साधन है। एक व्यापक और व्यावहारिक पुस्तक जो शिक्षा और प्रशिक्षण के महत्वपूर्ण पहलुओं पर प्रकाश डालती है। यह पुस्तक शिक्षा और प्रशिक्षण के क्षेत्र में प्रौद्योगिकी, कौशल और दृष्टिकोण के महत्व का अन्वेषण करती है। यह शिक्षण और प्रशिक्षण को बढ़ाने में प्रौद्योगिकी की भूमिका, शिक्षा को प्रभावी बनाने में कौशल के महत्व और शैक्षिक लक्ष्यों को प्राप्त करने के लिए अपनाए जा सकने वाले विभिन्न दृष्टिकोणों पर गहराई से चर्चा करती है।",1,2,0.35,23,15,2.5,,590,AGPH Books,https://store.agphbooks.com/wp-content/uploads/2024/11/an¦ananoaNianano-an¬aNian¦an¦ananoaNiananu-an¬aNian¦aNianaaNianaNianuananoaNC-anoaNian¦an¦-anoan¦-an¬aNian¦anNananAane-front.jpg,Name of Author,श्री धीरज पटेल,1,0,ISBN Number,978-81-978571-1-9,1,0,No. of Pages,223,1,0,,,,,,,,
5178,,शब्द लेखन विधि,1,0,"<p class="""" data-start=""0"" data-end=""126"">​<span class=""relative -mx-px my-[-0.2rem] rounded-sm px-px py-[0.2rem]""><strong data-start=""0"" data-end=""18"" data-is-only-node="""">शब्द लेखन विधि</strong> एक महत्वपूर्ण पुस्तक है जो हिंदी भाषा सीखने वाले बच्चों के लिए विशेष रूप से तैयार की गई है।</span> <span class=""relative -mx-px my-[-0.2rem] rounded-sm px-px py-[0.2rem]"">यह पुस्तक बच्चों को प्रारंभिक स्तर पर शब्दों की पहचान, लेखन, और उच्चारण में सहायता प्रदान करती है, जिससे उनकी भाषा की नींव मजबूत होती है।</span>​</p>\n<p class="""" data-start=""128"" data-end=""148""><strong data-start=""128"" data-end=""148"">मुख्य विशेषताएँ:</strong></p>\n\n<ul data-start=""150"" data-end=""571"">\n 	<li class="""" data-start=""150"" data-end=""252"">\n<p class="""" data-start=""152"" data-end=""252""><strong data-start=""152"" data-end=""170"">आकर्षक चित्रण:</strong> <span class=""relative -mx-px my-[-0.2rem] rounded-sm px-px py-[0.2rem]"">पुस्तक में रंगीन और मनोरंजक चित्रों का समावेश है, जो बच्चों का ध्यान आकर्षित करता है और उन्हें सीखने के प्रति उत्साहित करता है।</span>​</p>\n</li>\n 	<li class="""" data-start=""254"" data-end=""353"">\n<p class="""" data-start=""256"" data-end=""353""><strong data-start=""256"" data-end=""271"">सरल अभ्यास:</strong> <span class=""relative -mx-px my-[-0.2rem] rounded-sm px-px py-[0.2rem]"">शब्दों के लेखन के लिए सरल और प्रभावी अभ्यास दिए गए हैं, जो बच्चों को सही ढंग से अक्षरों और शब्दों को लिखने में मदद करते हैं।</span>​</p>\n</li>\n 	<li class="""" data-start=""355"" data-end=""459"">\n<p class="""" data-start=""357"" data-end=""459""><strong data-start=""357"" data-end=""377"">मोटर कौशल विकास:</strong> <span class=""relative -mx-px my-[-0.2rem] rounded-sm px-px py-[0.2rem]"">लेखन अभ्यास के माध्यम से बच्चों के हाथों की मांसपेशियों का विकास होता है, जिससे उनकी लेखन क्षमता में सुधार आता है।</span>​</p>\n</li>\n 	<li class="""" data-start=""461"" data-end=""571"">\n<p class="""" data-start=""463"" data-end=""571""><strong data-start=""463"" data-end=""487"">आयु उपयुक्त सामग्री:</strong> <span class=""relative -mx-px my-[-0.2rem] rounded-sm px-px py-[0.2rem]"">यह पुस्तक 3 से 7 वर्ष की आयु के बच्चों के लिए उपयुक्त है, जो हिंदी भाषा में अपने प्रारंभिक कदम बढ़ा रहे हैं।</span>​</p>\n</li>\n</ul>\n<p class="""" data-start=""573"" data-end=""658""><span class=""relative -mx-px my-[-0.2rem] rounded-sm px-px py-[0.2rem]"">यदि आप अपने बच्चे की हिंदी लेखन क्षमता को विकसित करना चाहते हैं, तो यह पुस्तक एक उत्कृष्ट संसाधन है।</span>​</p>\n<p class="""" data-start=""660"" data-end=""679""><strong data-start=""660"" data-end=""679"">संबंधित उत्पाद:</strong></p>\n\n<ul data-start=""681"" data-end=""1021"">\n 	<li class="""" data-start=""681"" data-end=""845"">\n<p class="""" data-start=""683"" data-end=""845""><a target=""_new"" rel=""noopener"" data-start=""683"" data-end=""758"">अक्षर लेखन विधि</a>: <span class=""relative -mx-px my-[-0.2rem] rounded-sm px-px py-[0.2rem]"">हिंदी अक्षरों के लेखन का अभ्यास कराने वाली पुस्तक।</span>​</p>\n</li>\n 	<li class="""" data-start=""847"" data-end=""1021"">\n<p class="""" data-start=""849"" data-end=""1021""><a target=""_new"" rel=""noopener"" data-start=""849"" data-end=""934"">Joy Of Small Writing</a>: <span class=""relative -mx-px my-[-0.2rem] rounded-sm px-px py-[0.2rem]"">अंग्रेजी छोटे अक्षरों के लेखन में मदद करने वाली पुस्तक।</span>​</p>\n</li>\n</ul>\n<p class="""" data-start=""1023"" data-end=""1047""><strong data-start=""1023"" data-end=""1047"">अधिक जानकारी के लिए:</strong></p>\n\n<ul data-start=""1049"" data-end=""1418"">\n 	<li class="""" data-start=""1049"" data-end=""1231"">\n<p class="""" data-start=""1051"" data-end=""1231"">हिंदी लेखन कौशल पर मॉड्यूल - NIOS: <span class=""relative -mx-px my-[-0.2rem] rounded-sm px-px py-[0.2rem]"">यह मॉड्यूल हिंदी लेखन कौशल के विभिन्न पहलुओं पर विस्तृत जानकारी प्रदान करता है।</span>​</p>\n</li>\n 	<li class="""" data-start=""1049"" data-end=""1231"">\n<p class="""" data-start=""1051"" data-end=""1231"">लेखन-शिक्षण की विधियाँ: <span class=""relative -mx-px my-[-0.2rem] rounded-sm px-px py-[0.2rem]"">यह दस्तावेज़ लेखन शिक्षण की विभिन्न विधियों पर प्रकाश डालता है।</span>​<span class=""relative -mx-px my-[-0.2rem] rounded-sm px-px py-[0.2rem]"">बच्चों की प्रारंभिक शिक्षा में सही संसाधनों का चयन उनके भविष्य की नींव मजबूत करने में सहायक होता है।</span></p>\n</li>\n</ul>",0,,0.35,30,21,1,129,199,AG Kids > LKG,https://store.agphbooks.com/wp-content/uploads/2025/03/8-x-11-LKG-शब्द-लेखन-विधि-Front.png,,,,,,,,,,,,,,,,,शब्द लेखन विधि,शब्द लेखन विधि एक आकर्षक हिंदी अभ्यास पुस्तक है जो बच्चों को सुंदर व स्पष्ट शब्द लिखना सिखाती है। 3 से 7 वर्ष के बच्चों के लिए उपयुक्त।,67,
7381,,व्यावसायिक  समाजकार्य: भारतीय परिप्रेक्ष्य,1,0,"“व्यावसायिक समाजकार्य: भारतीय परिप्रेक्ष्य” पुस्तक समाजकार्य के पेशेवर अनुशासन को भारतीय संदर्भ में समझाने का एक व्यापक प्रयास है। यह पुस्तक भारतीय समाज की जटिलताओं और विविधताओं को ध्यान में रखते हुए समाजकार्य के सिद्धांतों, इतिहास और विकास पर विस्तृत चर्चा करती है। इसमें समाज कार्य के विभिन्न पहलुओं जैसे- महिला सशक्तिकरण, बाल कल्याण, मानसिक स्वास्थ्य, सामाजिक न्याय और विकलांगता पर विशेष ध्यान दिया गया है। यह पुस्तक समाज कार्य की शिक्षा, प्रशिक्षण और इसके व्यावहारिक पहलुओं को समझने में मदद करती है, साथ ही यह पेशेवर समाज कार्यकर्ताओं के लिए एक मार्गदर्शिका का कार्य करती है, जो समाज के कमजोर और वंचित वर्गों की समस्याओं के समाधान में जुटे हुए हैं। समाजकार्य का उद्देश्य केवल दान या परोपकार तक सीमित नहीं है, बल्कि यह समाज में सुधार, सामाजिक न्याय और मानवाधिकार की दिशा में कार्य करता है। यह पुस्तक समाजकार्य के छात्रों, पेशेवर समाज कार्यकर्ताओं, नीति निर्माताओं और शैक्षिक संस्थानों के लिए अत्यधिक उपयोगी है। समाजकार्य में शिक्षा प्राप्त कर रहे छात्रों को यह पुस्तक समाजकार्य के सिद्धांतों, अभ्यास और भारतीय संदर्भ में इसके महत्व को समझने में मदद करने का प्रयास करती है। इसके अलावा, यह नीति निर्माताओं और सामाजिक क्षेत्र में कार्य कर रहे व्यक्तियों को समाज के विभिन्न मुद्दों को समझने और प्रभावी समाधान प्रदान करने में मदद करती है। शैक्षिक संस्थानों और प्रशिक्षकों के लिए भी यह पुस्तक एक महत्वपूर्ण संसाधन है, जो समाजकार्य के पाठ्यक्रम को भारतीय संदर्भ में प्रासंगिक बनाने के लिए इसका उपयोग कर सकते हैं।",1,2,0.35,23,15,2.5,,590,AGPH Books,https://store.agphbooks.com/wp-content/uploads/2025/04/व्यावसायिक-समाजकार्य-भारतीय-परिप्रेक्ष्य-scaled.jpg,Name of Author,डॉ. हरीश सखारे,1,0,ISBN Number,978-81-983517-7-7,1,0,No. of Pages,245,1,0,,,,,,,,
3271,,वैश्विक अर्थव्यवस्था में भारत की भूमिका,1,0,"""वैश्विक अर्थव्यवस्था में भारत की भूमिका"" पुस्तक भारतीय अर्थव्यवस्था की एक संतुलित और सूक्ष्म समझ प्रदान करती है, जिसमें इसके संरचनात्मक और संस्थागत पहलू, प्रमुख चुनौतियाँ, नीतिगत पहल और उभरते अवसर शामिल हैं। इसमें विकास और वृ‌द्धि के लिए उभरते अवसरों और संभावनाओं का पता लगाया गया है। इस पुस्तक में भारतीय अर्थव्यवस्था के मुद्दों, चुनौतियों और संभावनाओं का व्यापक विवरण दिया गया है। अंतरराष्ट्रीय वित्तीय नीतियों का भारत पर प्रभाव और भारत के अंतरराष्ट्रीय व्यापारिक समझौते तथा वैश्विक वित्तीय बाजार का गहन विश्लेषण किया गया है। इसमें चुनौतियों का समाधान करने के उ‌द्देश्य से नीतिगत पहलों और सुधारों की जाँच की गई है तथा विकास और वृद्धि के लिए उभरते अवसरों और संभावनाओं की खोज को प्रस्तुत किया गया है। इस पुस्तक में भारतीय अर्थव्यवस्था की जटिलताओं को समझाने के लिए भारत की डिजिटल क्रांति, मेक इन इंडिया और मेक फॉर वर्ल्ड जैसी पहलों का गहन और व्यावहारिक विश्लेषण किया गया है तथा यह भारत की आर्थिक चुनौतियों और अवसरों को समझने के लिए एक मूल्यवान संसाधन के रूप में तैयार की गई है। इसमें वैश्विक अर्थव्यवस्था का परिचय तथा प्रमुख वैश्विक आर्थिक संगठन और वैश्विक अर्थव्यवस्था में भारत की भूमिका, डिजिटल अर्थव्यवस्था में भारत की भविष्य की संभावनाएँ एवं उत्पादन और विनिर्माण में भारत का योगदान आदि शामिल हैं।",1,2,0.35,23,15,2.5,,590,AGPH Books,https://store.agphbooks.com/wp-content/uploads/2025/01/वैश्विक-अर्थव्यवस्था-में-भारत-की-भूमिका-front.jpg,Name of Author,श्योजी लाल बैरवा,1,0,ISBN Number,978-81-981167-6-5,1,0,No. of Pages,237,1,0,,,,,,,,
9311,,मृदा विज्ञान के मूलभूत सिद्धांत,1,0,"यह पुस्तक मृदा के निर्माण, इसकी संरचना, भौतिक और रासायनिक गुणों तथा पारिस्थितिकी पर मृदा के प्रभाव को समझाने का प्रयास करती है। मृदा विज्ञान न केवल कृषि के लिए बल्कि पर्यावरण, जलवायु, वनस्पति और भूमि उपयोग के विभिन्न पहलुओं के लिए भी अत्यंत महत्वपूर्ण है। यह पुस्तक विभिन्न प्रकार की मृदा, उसकी उर्वरता, जल धारण क्षमता, पोषक तत्वों की उपलब्धता और मृदा स्वास्थ्य पर विचार करती है।मृदा में होने वाले भौतिक और रासायनिक परिवर्तनों को समझने से न केवल कृषि उत्पादन में वृद्धि संभव है बल्कि भूमि का उचित तरीके से उपयोग और संरक्षण भी संभव है। मृदा संरक्षण, सुधार और इसकी गुणवत्ता बनाए रखने के उपायों पर भी विशेष ध्यान दिया गया है ताकि पर्यावरणीय संकटों का सामना किया जा सकें और मृदा का संतुलित और सतत उपयोग किया जा सकें। पुस्तक में मृदा उर्वरता के सिद्धांतों से लेकर मृदा प्रदूषण और उसके नियंत्रण तक के विभिन्न पहलुओं को शामिल किया गया है। इस प्रकार ""मृदा विज्ञान के मूलभूत सिद्धांत"" पुस्तक छात्रों, शोधकर्ताओं और कृषि विशेषज्ञों के लिए मृदा के महत्व और उसके संतुलित प्रबंधन को समझने के लिए एक महत्वपूर्ण मार्गदर्शिका है। यह पुस्तक मृदा विज्ञान के सिद्धांतों को समझने में सहायक है और मृदा के समुचित उपयोग तथा संरक्षण के लिए व्यावहारिक मार्गदर्शन प्रदान करती है।",1,1,0.35,23,15,2.5,,590,AGPH Books,https://store.agphbooks.com/wp-content/uploads/2025/07/मृदा-विज्ञान-के-मूलभूत-सिद्धांत-front-scaled.avif,Name of Author,शैलेन्द्र कुमार वर्मा,1,0,ISBN Number,978-93-49028-28-9,1,0,No. Of Pages,208,1,0,,,,,,,,
2959,,माल एवं सेवाकर,1,0,"""माल एवं सेवा कर: आधुननक कराधान के स्तंभ को समझना"" समकालीन आर्र्थक प्रर्ासलयों में सबसे महत्वपूर्थ कर सुधारों में से एक की जदटलताओं पर प्रकाश डालता है। प्रससदध कर ववशेषज्ञों दवारा सलणखत, यह व्यापक मागथिसशथका पाठकों को माल एवं सेवा कर (जीएसटी) के बहुमुखी पररदृश्य के माध्यम से स्पटटता और सटीकता के सार् मागथिशथन कराती है।\nपुस्तक कराधान प्रर्ासलयों का एक ऐनतहाससक अवलोकन प्रिान करके शुरू होती है, जो जीएसटी की आवश्यकता और ववकास को समझने के सलए मंच तैयार करती है। इसके बाि यह जीएसटी के मूलभूत ससदधांतों और संरचना को स्पटट करने के सलए आगे बढता है, इसके वैचाररक ढांचे और पररचालन तंि में अंतदृथस्टट प्रिान करता है।\nववस्तृत ववश्लेषर् और व्यावहाररक उिाहरर्ों के माध्यम से, पुस्तक व्यवसायों, उपभोतताओं और सरकार सदहत ववसभन्न दहतधारकों पर जीएसटी के प्रभाव को स्पटट करती है। यह जीएसटी अनुपालन की बारीककयों का पता लगाता है, आम चुनौनतयों का समाधान करता है और प्रभावी कायाथन्वयन के सलए रर्नीनतयों की पेशकश करता है।\nइसके अलावा, ""माल एवं सेवा कर"" जीएसटी के वैस्श्वक संिभथ पर चचाथ करता है, अन्य िेशों में समान कर व्यवस्र्ाओं के सार् इसकी तुलना और वववेचना करता है। यह तुलनात्मक पररप्रेक्ष्य वैस्श्वक अर्थव्यवस्र्ा में जीएसटी की भूसमका और अंतराथटरीय व्यापार और ननवेश पर इसके ननदहतार्थ के बारे में पाठक की समझ को समृदध करता है।\nचाहे आप कर पेशेवर हों, व्यवसाय के मासलक हों, नीनत ननमाथता हों, या केवल आर्र्थक मामलों के स्जज्ञासु पयथवेक्षक हों, यह पुस्तक माल एवं सेवा कर की जदटलताओं और महत्व को समझने के सलए एक अननवायथ संसाधन के रूप में कायथ करती है। अपनी सुलभ भाषा और व्यापक क्षेि के सार्, यह पाठकों को आधुननक कराधान के जदटल क्षेि को आत्मववश्वास और ववशेषज्ञता के सार् हाल करने में सक्षम बनाता है।",1,4,0.7,23,15,3.5,,449,AGPH Books,https://store.agphbooks.com/wp-content/uploads/2024/08/Screenshot-2024-08-08-171507.jpg,Name of Author,डॉ. पवन कुशवाह,1,0,ISBN Number,978-81-973301-3-1,1,0,No. Of Pages,419,1,0,,,,,,,,
3048,,मनोविज्ञान- सिद्धांत और व्यवहार,1,0,"यह पुस्तक मनोविज्ञान के सभी उपयोगकर्ताओं को उन चुनौतियों के बारे में सूचित करने के लिए सुव्यवस्थित रूप से बनाई गई है जो मनोविज्ञान के कई क्षेत्रों में अनुभव कर रही है। इस पुस्तक में सै‌द्धांतिक और व्यावहारिक दोनों तरह के मनोवैजनिक विचार शामिल हैं, जिससे पाठक को मनोविज्ञान के सि‌द्धांत और व्यवहार के बारे में समग्र जानकारी प्राप्त हो सकती है।\nयह पुस्तक मनोविज्ञान के क्षेत्र के लिए एक व्यापक मार्गदर्शिका है, जिसे पाठकों को मानव मन और व्यवहार की गहरी समझ प्रदान करने के लिए बनाया गया है।\nइस पुस्तक को सैद्धांतिक अंतर्दृष्टि और व्यावहारिक अनुप्रयोग दोनों प्रदान करने के लिए संरचित किया गया है, यह सुनिश्चित करते हुए कि पाठक विभिन्न संदर्भों में मनोवैज्ञानिक सि‌द्धांतों को लागू कर सकते हैं।\nइसमें प्रत्येक अध्याय को मनोविज्ञान के विभिन्न पहलुओं का पता लगाने के लिए सावधानीपूर्वक तैयार किया गया है, जिसमें संज्ञानात्मक प्रक्रियाएँ, भावनात्मक प्रतिक्रियाएँ, सामाजिक संपर्क और मानसिक स्वास्थ्य शामिल हैं।\nइसका उ‌द्देश्य मनोविज्ञान की समग्र समझ को बढ़ावा देना है, पाठकों को इस ज्ञान को अपने व्यक्तिगत और व्यावसायिक जीवन में लागू करने के लिए सशक्त बनाना है। पाठक इस क्षेत्र में नए हो या अपने मौजूदा जान को गहरा करना चाहते हों, यह पुस्तक मनोविज्ञान के विशाल और गतिशील परिदृश्य की गहन खोज प्रदान करती है।",1,2,0.35,23,15,2.5,,599,AGPH Books,https://store.agphbooks.com/wp-content/uploads/2024/09/मनोविज्ञान-सिद्धांत-और-व्यवहार.png,Name of Author,डाॅ. वी. टी.वी. कृष्ण वेणी,1,0,ISBN Number,978-81-976705-5-8,1,0,No. of Pages,214,1,0,,,,,,,,
10588,,भारतीय शिक्षा और दार्शनिक विरासत,1,0,"<div id=""bookDescription_feature_div"" class=""celwidget"" data-feature-name=""bookDescription"" data-csa-c-type=""widget"" data-csa-c-content-id=""bookDescription"" data-csa-c-slot-id=""bookDescription_feature_div"" data-csa-c-asin=""9349490978"" data-csa-c-is-in-initial-active-row=""false"" data-csa-c-id=""3cymqp-xvsws6-7lkwyi-3beead"" data-cel-widget=""bookDescription_feature_div"">\n<div class=""a-expander-collapsed-height a-row a-expander-container a-spacing-base a-expander-partial-collapse-container"" data-a-expander-name=""book_description_expander"" data-a-expander-collapsed-height=""280"">\n<div class=""a-expander-content a-expander-partial-collapse-content"" data-expanded=""false"">\n<div id=""bookDescription_feature_div"" class=""celwidget"" data-feature-name=""bookDescription"" data-csa-c-type=""widget"" data-csa-c-content-id=""bookDescription"" data-csa-c-slot-id=""bookDescription_feature_div"" data-csa-c-asin=""9349490153"" data-csa-c-is-in-initial-active-row=""false"" data-csa-c-id=""osmobo-ywzlgc-8h14st-oxis8k"" data-cel-widget=""bookDescription_feature_div"">\n<div class=""a-expander-collapsed-height a-row a-expander-container a-spacing-base a-expander-partial-collapse-container"" data-a-expander-name=""book_description_expander"" data-a-expander-collapsed-height=""280"">\n<div class=""a-expander-content a-expander-partial-collapse-content"" data-expanded=""false"">\n<div class=""a-expander-content a-expander-partial-collapse-content a-expander-content-expanded"" data-expanded=""true"">\n<div class=""a-expander-content a-expander-partial-collapse-content a-expander-content-expanded"" data-expanded=""true"">\n<div id=""bookDescription_feature_div"" class=""celwidget"" data-feature-name=""bookDescription"" data-csa-c-type=""widget"" data-csa-c-content-id=""bookDescription"" data-csa-c-slot-id=""bookDescription_feature_div"" data-csa-c-asin=""9349490854"" data-csa-c-is-in-initial-active-row=""false"" data-csa-c-id=""vxwvan-no9o5t-vffgpd-2aywrc"" data-cel-widget=""bookDescription_feature_div"">\n<div class=""a-expander-collapsed-height a-row a-expander-container a-spacing-base a-expander-partial-collapse-container"" data-a-expander-name=""book_description_expander"" data-a-expander-collapsed-height=""280"">\n<div class=""a-expander-content a-expander-partial-collapse-content"" data-expanded=""false"">\n<div class=""a-expander-content a-expander-partial-collapse-content a-expander-content-expanded"" data-expanded=""true"">\n<div class=""a-expander-content a-expander-partial-collapse-content a-expander-content-expanded"" data-expanded=""true"">\n<div class=""a-expander-content a-expander-partial-collapse-content a-expander-content-expanded"" data-expanded=""true"">\n<div class=""a-expander-content a-expander-partial-collapse-content a-expander-content-expanded"" data-expanded=""true"">\n<div class=""a-expander-content a-expander-partial-collapse-content a-expander-content-expanded"" data-expanded=""true"">\n<div class=""a-expander-content a-expander-partial-collapse-content a-expander-content-expanded"" data-expanded=""true"">\n<div class=""a-expander-content a-expander-partial-collapse-content a-expander-content-expanded"" data-expanded=""true"">\n<div class=""a-expander-content a-expander-partial-collapse-content a-expander-content-expanded"" data-expanded=""true"">\n<div class=""a-expander-content a-expander-partial-collapse-content a-expander-content-expanded"" data-expanded=""true"">\n<div id=""bookDescription_feature_div"" class=""celwidget"" data-feature-name=""bookDescription"" data-csa-c-type=""widget"" data-csa-c-content-id=""bookDescription"" data-csa-c-slot-id=""bookDescription_feature_div"" data-csa-c-asin=""8199067551"" data-csa-c-is-in-initial-active-row=""false"" data-csa-c-id=""i71j10-o4yg2f-uxxbtb-3xdifl"" data-cel-widget=""bookDescription_feature_div"">\n<div class=""a-expander-collapsed-height a-row a-expander-container a-spacing-base a-expander-partial-collapse-container"" data-a-expander-name=""book_description_expander"" data-a-expander-collapsed-height=""280"">\n<div class=""a-expander-content a-expander-partial-collapse-content"" data-expanded=""false"">\n<div class=""a-expander-content a-expander-partial-collapse-content a-expander-content-expanded"" data-expanded=""true"">\n<div class=""a-expander-content a-expander-partial-collapse-content a-expander-content-expanded"" data-expanded=""true"">\n<div id=""bookDescription_feature_div"" class=""celwidget"" data-feature-name=""bookDescription"" data-csa-c-type=""widget"" data-csa-c-content-id=""bookDescription"" data-csa-c-slot-id=""bookDescription_feature_div"" data-csa-c-asin=""9349490609"" data-csa-c-is-in-initial-active-row=""false"" data-csa-c-id=""fouzzs-y7tp92-3ae2z5-1az36w"" data-cel-widget=""bookDescription_feature_div"">\n<div class=""a-expander-collapsed-height a-row a-expander-container a-spacing-base a-expander-partial-collapse-container"" data-a-expander-name=""book_description_expander"" data-a-expander-collapsed-height=""280"">\n<div class=""a-expander-content a-expander-partial-collapse-content"" data-expanded=""false"">\n<div class=""a-expander-content a-expander-partial-collapse-content a-expander-content-expanded"" data-expanded=""true"">\n<div class=""a-expander-content a-expander-partial-collapse-content a-expander-content-expanded"" data-expanded=""true"">\n<div class=""a-expander-content a-expander-partial-collapse-content a-expander-content-expanded"" data-expanded=""true"">\n<div class=""a-expander-content a-expander-partial-collapse-content"" data-expanded=""false"">\n\n""भारतीय शिक्षा और दार्शनिक विरासत"" पुस्तक भारतीय शिक्षा की गहरी ऐतिहासिक, सांस्कृतिक और दार्शनिक जड़ों को समझने का एक महत्वपूर्ण प्रयास है। यह पुस्तक भारतीय शिक्षा परंपरा के दीर्घकालिक और बहुआयामी विकास को सामने लाती है जो वैदिक, उत्तर-वैदिक, बौद्ध, जैन, मध्यकालीन और आधुनिक काल की विभिन्न शैक्षिक धाराओं का संश्लेषण है। इसमें शिक्षा को केवल ज्ञान या व्यावसायिक योग्यता प्राप्त करने का साधन नहीं माना जाता, बल्कि इसे जीवन के आदर्शों, नैतिकता, आध्यात्मिकता और सांस्कृतिक मूल्यों से जोड़कर प्रस्तुत किया जाता है। इस पुस्तक का मुख्य उ‌द्देश्य पाठकों को यह समझाना है कि भारतीय शिक्षा दर्शन केवल बौद्धिक विकास तक ही सीमित नहीं था, बल्कि इसका मुख्य लक्ष्य व्यक्ति का सर्वांगीण विकास था। शिक्षा के माध्यम से सत्य, धर्म, करुणा, अहिंसा, आत्मानुशासन और समाज सेवा जैसे मूल्यों को आत्मसात करने पर जोर दिया गया। इस संदर्भ में, पुस्तक यह भी स्पष्ट करती है कि प्राचीन भारत की गुरुकुल परंपरा, उपनिषदों की दार्शनिक शिक्षाएं, बुद्ध और महावीर के नैतिक संदेश, भक्ति और सूफी संतों की समन्वयात्मक शिक्षा तथा आधुनिक काल के शिक्षा सुधारकों के विचार, ये सभी भारतीय शिक्षा की दार्शनिक विरासत का हिस्सा हैं।\n\n</div>\n</div>\n</div>\n</div>\n</div>\n</div>\n</div>\n</div>\n</div>\n</div>\n</div>\n</div>\n</div>\n</div>\n</div>\n</div>\n</div>\n</div>\n</div>\n</div>\n</div>\n</div>\n</div>\n</div>\n</div>\n</div>\n</div>\n</div>\n</div>\n</div>\n</div>\n</div>",1,1,0.35,23,15,2.5,,590,AGPH Books,https://store.agphbooks.com/wp-content/uploads/2025/10/भारतीय-शिक्षा-और-दार्शनिक-विरासत-1.avif,Name of Author,"डॉ. ऋतु सिंह\, डॉ. वर्षा गौतम",1,0,ISBN Number,978-81-991208-9-1,1,0,No. Of Pages,214,1,0,,,,,,,,
9945,,भारतीय रक्षा तंत्र : एक अध्ययन,1,0,"<div id=""bookDescription_feature_div"" class=""celwidget"" data-feature-name=""bookDescription"" data-csa-c-type=""widget"" data-csa-c-content-id=""bookDescription"" data-csa-c-slot-id=""bookDescription_feature_div"" data-csa-c-asin=""9349490978"" data-csa-c-is-in-initial-active-row=""false"" data-csa-c-id=""3cymqp-xvsws6-7lkwyi-3beead"" data-cel-widget=""bookDescription_feature_div"">\n<div class=""a-expander-collapsed-height a-row a-expander-container a-spacing-base a-expander-partial-collapse-container"" data-a-expander-name=""book_description_expander"" data-a-expander-collapsed-height=""280"">\n<div class=""a-expander-content a-expander-partial-collapse-content"" data-expanded=""false"">\n<div id=""bookDescription_feature_div"" class=""celwidget"" data-feature-name=""bookDescription"" data-csa-c-type=""widget"" data-csa-c-content-id=""bookDescription"" data-csa-c-slot-id=""bookDescription_feature_div"" data-csa-c-asin=""9349490153"" data-csa-c-is-in-initial-active-row=""false"" data-csa-c-id=""osmobo-ywzlgc-8h14st-oxis8k"" data-cel-widget=""bookDescription_feature_div"">\n<div class=""a-expander-collapsed-height a-row a-expander-container a-spacing-base a-expander-partial-collapse-container"" data-a-expander-name=""book_description_expander"" data-a-expander-collapsed-height=""280"">\n<div class=""a-expander-content a-expander-partial-collapse-content"" data-expanded=""false"">\n<div class=""a-expander-content a-expander-partial-collapse-content a-expander-content-expanded"" data-expanded=""true"">\n<div class=""a-expander-content a-expander-partial-collapse-content a-expander-content-expanded"" data-expanded=""true"">\n<div id=""bookDescription_feature_div"" class=""celwidget"" data-feature-name=""bookDescription"" data-csa-c-type=""widget"" data-csa-c-content-id=""bookDescription"" data-csa-c-slot-id=""bookDescription_feature_div"" data-csa-c-asin=""9349490854"" data-csa-c-is-in-initial-active-row=""false"" data-csa-c-id=""vxwvan-no9o5t-vffgpd-2aywrc"" data-cel-widget=""bookDescription_feature_div"">\n<div class=""a-expander-collapsed-height a-row a-expander-container a-spacing-base a-expander-partial-collapse-container"" data-a-expander-name=""book_description_expander"" data-a-expander-collapsed-height=""280"">\n<div class=""a-expander-content a-expander-partial-collapse-content"" data-expanded=""false"">पुस्तक"" भारतीय रक्षा तंत्रः एक अध्ययन"" भारतीय रक्षा तंत्र के भिन्न पहलुओं का विस्तृत और गहन विश्लेषण प्रदान करती है, जिसमें भारतीय सशस्त्र बलों की संरचना, कार्यप्रणाली, रणनीतियों और राष्ट्रीय सुरक्षा परिप्रेक्ष्य पर प्रकाश डाला गया है। यह पुस्तक भारतीय सेना, नौसेना, वायु सेना और अन्य सुरक्षा बलों के सामरिक और रणनीतिक दृष्टिकोण के साथ-साथ उनके प्रशिक्षण, तकनीकी विकास और युद्ध क्षमताओं को समझने पर केंद्रित है। इसके अतिरिक्त, यह भारत की रक्षा नीति, वैश्विक सुरक्षा परिप्रेक्ष्य में भारत की भूमिका और क्षेत्रीय सुरक्षा सहयोग के संदर्भ में देश की रणनीतिक दिशा पर विस्तृत जानकारी प्रदान करती है। यह पुस्तक भारतीय रक्षा तंत्र के आत्मनिर्भरता प्रयासों पर भी चर्चा करती है, जिसमें स्वदेशी रक्षा उत्पादन और उपकरण निर्माण प्रक्रिया शामिल है। यह सीमा विवाद, आतंकवाद, आंतरिक सुरक्षा संकट और प्राकृतिक आपदाओं के रूप में भारतीय रक्षा तंत्र द्वारा सामना की जाने वाली विभिन्न चुनौतियों और संकटों का भी विश्लेषण करती है। यह रक्षा तंत्र को आधुनिक बनाने और नई तकनीकों और प्रणालियों को अपनाने के प्रयासों पर भी प्रकाश डालती है। यह पुस्तक भारतीय रक्षा प्रणाली का व्यापक और समृद्ध ज्ञान प्रस्तुत करती है, जिससे यह न केवल विशेषज्ञों के लिए बल्कि छात्रों, पेशेवरों, आम जनता और नीति निर्माताओं के लिए भी एक अत्यंत मूल्यवान संसाधन बन जाती है।</div>\n</div>\n</div>\n</div>\n</div>\n</div>\n</div>\n</div>\n</div>\n</div>\n</div>",1,1,0.35,23,15,2.5,,590,AGPH Books,https://store.agphbooks.com/wp-content/uploads/2025/08/भारतीय-रक्षा-तंत्र-एक-अध्ययन-1-scaled.avif,Name of Author,डॉ. यशार्थ गौतम,1,0,ISBN Number,978-93-49490-85-7,1,0,No. Of Pages,200,1,0,,,,,,,,
10260,,भारतीय ज्ञान परंपरा: एक परिचय,1,0,"<div id=""bookDescription_feature_div"" class=""celwidget"" data-feature-name=""bookDescription"" data-csa-c-type=""widget"" data-csa-c-content-id=""bookDescription"" data-csa-c-slot-id=""bookDescription_feature_div"" data-csa-c-asin=""9349490978"" data-csa-c-is-in-initial-active-row=""false"" data-csa-c-id=""3cymqp-xvsws6-7lkwyi-3beead"" data-cel-widget=""bookDescription_feature_div"">\n<div class=""a-expander-collapsed-height a-row a-expander-container a-spacing-base a-expander-partial-collapse-container"" data-a-expander-name=""book_description_expander"" data-a-expander-collapsed-height=""280"">\n<div class=""a-expander-content a-expander-partial-collapse-content"" data-expanded=""false"">\n<div id=""bookDescription_feature_div"" class=""celwidget"" data-feature-name=""bookDescription"" data-csa-c-type=""widget"" data-csa-c-content-id=""bookDescription"" data-csa-c-slot-id=""bookDescription_feature_div"" data-csa-c-asin=""9349490153"" data-csa-c-is-in-initial-active-row=""false"" data-csa-c-id=""osmobo-ywzlgc-8h14st-oxis8k"" data-cel-widget=""bookDescription_feature_div"">\n<div class=""a-expander-collapsed-height a-row a-expander-container a-spacing-base a-expander-partial-collapse-container"" data-a-expander-name=""book_description_expander"" data-a-expander-collapsed-height=""280"">\n<div class=""a-expander-content a-expander-partial-collapse-content"" data-expanded=""false"">\n<div class=""a-expander-content a-expander-partial-collapse-content a-expander-content-expanded"" data-expanded=""true"">\n<div class=""a-expander-content a-expander-partial-collapse-content a-expander-content-expanded"" data-expanded=""true"">\n<div id=""bookDescription_feature_div"" class=""celwidget"" data-feature-name=""bookDescription"" data-csa-c-type=""widget"" data-csa-c-content-id=""bookDescription"" data-csa-c-slot-id=""bookDescription_feature_div"" data-csa-c-asin=""9349490854"" data-csa-c-is-in-initial-active-row=""false"" data-csa-c-id=""vxwvan-no9o5t-vffgpd-2aywrc"" data-cel-widget=""bookDescription_feature_div"">\n<div class=""a-expander-collapsed-height a-row a-expander-container a-spacing-base a-expander-partial-collapse-container"" data-a-expander-name=""book_description_expander"" data-a-expander-collapsed-height=""280"">\n<div class=""a-expander-content a-expander-partial-collapse-content"" data-expanded=""false"">\n<div class=""a-expander-content a-expander-partial-collapse-content a-expander-content-expanded"" data-expanded=""true"">\n<div class=""a-expander-content a-expander-partial-collapse-content a-expander-content-expanded"" data-expanded=""true"">\n<div class=""a-expander-content a-expander-partial-collapse-content a-expander-content-expanded"" data-expanded=""true"">\n<div class=""a-expander-content a-expander-partial-collapse-content a-expander-content-expanded"" data-expanded=""true"">\n<div class=""a-expander-content a-expander-partial-collapse-content a-expander-content-expanded"" data-expanded=""true"">\n<div class=""a-expander-content a-expander-partial-collapse-content a-expander-content-expanded"" data-expanded=""true"">\n<div class=""a-expander-content a-expander-partial-collapse-content a-expander-content-expanded"" data-expanded=""true"">\n<div class=""a-expander-content a-expander-partial-collapse-content a-expander-content-expanded"" data-expanded=""true"">\n<div class=""a-expander-content a-expander-partial-collapse-content a-expander-content-expanded"" data-expanded=""true"">\n<div id=""bookDescription_feature_div"" class=""celwidget"" data-feature-name=""bookDescription"" data-csa-c-type=""widget"" data-csa-c-content-id=""bookDescription"" data-csa-c-slot-id=""bookDescription_feature_div"" data-csa-c-asin=""8199067551"" data-csa-c-is-in-initial-active-row=""false"" data-csa-c-id=""i71j10-o4yg2f-uxxbtb-3xdifl"" data-cel-widget=""bookDescription_feature_div"">\n<div class=""a-expander-collapsed-height a-row a-expander-container a-spacing-base a-expander-partial-collapse-container"" data-a-expander-name=""book_description_expander"" data-a-expander-collapsed-height=""280"">\n<div class=""a-expander-content a-expander-partial-collapse-content"" data-expanded=""false"">\n<div class=""a-expander-content a-expander-partial-collapse-content a-expander-content-expanded"" data-expanded=""true"">\n<div id=""bookDescription_feature_div"" class=""celwidget"" data-feature-name=""bookDescription"" data-csa-c-type=""widget"" data-csa-c-content-id=""bookDescription"" data-csa-c-slot-id=""bookDescription_feature_div"" data-csa-c-asin=""8199067527"" data-csa-c-is-in-initial-active-row=""false"" data-csa-c-id=""w6ypb0-h9aow-ktqmiq-kfd3i1"" data-cel-widget=""bookDescription_feature_div"">\n<div class=""a-expander-collapsed-height a-row a-expander-container a-spacing-base a-expander-partial-collapse-container"" data-a-expander-name=""book_description_expander"" data-a-expander-collapsed-height=""280"">\n<div class=""a-expander-content a-expander-partial-collapse-content"" data-expanded=""false"">""भारतीय ज्ञान परंपराः एक परिचय एक ऐसी पुस्तक है जो भारत की प्राचीन और समृद्ध बौ‌द्धिक धरोहर को समझने का व्यापक द्वार खोलती है। इसमें यह बताया गया है कि भारतीय सभ्यता ने हज़ारों वर्षों तक विज्ञान, गणित, खगोलशास्त्र, चिकित्सा, दर्शन, साहित्य, कला, शिल्प और आध्यात्मिकता के क्षेत्र में गहन अनुसंधान और नवाचार किए और यह परंपरा केवल ज्ञान अर्जन तक सीमित न रहकर समाज, संस्कृति और जीवनशैली का अभिन्न हिस्सा बनी। इस पुस्तक में यह स्पष्ट किया गया है कि भारतीय ज्ञान परंपरा का मूल आधार अनुभव, अवलोकन, प्रयोग और तर्क है जिसके माध्यम से मानव जीवन को संतुलित, उपयोगी और सार्थक बनाने का प्रयास किया गया। इसमें वेदों, उपनिषदों, पुराणों, आयुर्वेद, ज्योतिष, गणितीय ग्रंथों, शिल्पशास्त्रों और दर्शनशास्त्रों के महत्व का वर्णन है जो न केवल आध्यात्मिक दृष्टिकोण बल्कि वैज्ञानिक दृष्टि से भी गहन महत्व रखते हैं। यह पुस्तक यह भी समझाती है कि भारतीय परंपरा में ज्ञान केवल भौतिक उन्नति के लिए नहीं था, बल्कि नैतिकता, कर्तव्य, धर्म और मानव कल्याण को केंद्र में रखकर विकसित किया गया था। यह पुस्तक पाठक को बोध कराती है कि भारत की शिक्षा और बौ‌द्धिक यात्रा निरंतर संवाद, विवेक और शोध पर आधारित रही है और आज के संदर्भ में भी यह परंपरा मानव को आत्मनिर्भरता, वैज्ञानिक दृष्टिकोण और सांस्कृतिक गौरव के मार्ग पर प्रेरित करती है। यह पुस्तक शोधकर्ताओं, शिक्षा के विद्यार्थियों, शिक्षकों और उन सभी लोगों के लिए उपयोगी है जो भारतीय ज्ञान परंपरा की जड़ों और इसके आधुनिक युग में प्रासंगिकता के आयामों को गहराई से समझना चाहते हैं।</div>\n</div>\n</div>\n</div>\n</div>\n</div>\n</div>\n</div>\n</div>\n</div>\n</div>\n</div>\n</div>\n</div>\n</div>\n</div>\n</div>\n</div>\n</div>\n</div>\n</div>\n</div>\n</div>\n</div>\n</div>\n</div>\n</div>",1,1,0.35,23,15,2.5,,590,AGPH Books,https://store.agphbooks.com/wp-content/uploads/2025/09/भारतीय-ज्ञान-परंपरा-एक-परिचय-front.avif,Name of Author,डॉ. मधु दुबे स्वर्णकार,1,0,ISBN Number,978-81-990675-2-3,1,0,No. Of Pages,192,1,0,,,,,,,,
3233,,भारत की सांस्कृतिक जागृति में विवेकानंद की भूमिका,1,0,"यह पुस्तक भारत के सांस्कृतिक जागरण में स्वामी विवेकानंद की महत्वपूर्ण भूमिका का पता लगाती है। यह उनके जीवन, विचारों और कार्यों पर प्रकाश डालती है, तथा भारत के सांस्कृतिक और आध्यात्मिक पुनरुत्थान में उनके योगदान पर प्रकाश डालती है। यह पुस्तक विवेकानंद के जीवन और शिक्षाओं की जाँच करती है तथा भारत के सांस्कृतिक जागरण में उनकी भूमिका का विश्लेषण करती है और भारत की आध्यात्मिक और सांस्कृतिक विरासत में उनके योगदान पर चर्चा करती है यह पुस्तक समकालीन भारत में स्वामी विवेकानंद की प्रासंगिकता का पता लगाती है। यह पुस्तक विवेकानंद और भारतीय संस्कृति में रुचि रखने वाले विद्वान और शोधकर्ता, इतिहास, दर्शन और सांस्कृतिक अध्ययन के छात्र, भारतीय संस्कृति और आध्यात्मिकता में रुचि रखने वाले सामान्य पाठक के लिए तैयार की गई है। इस पुस्तक में विवेकानंद के जीवन और शिक्षाओं का परिचय, भारत के सांस्कृतिक जागरण में विवेकानंद की भूमिका उनका भारत की आध्यात्मिक और सांस्कृतिक विरासत में योगदान शामिल है। इसमें उनके जीवन, विचारों और कार्यों का विश्लेषण किया गया है, जो भारत की सांस्कृतिक और आध्यात्मिक पुनर्जागरण में उनके योगदान को उजागर करता है।",1,3,0.35,23,15,2.5,,590,AGPH Books,https://store.agphbooks.com/wp-content/uploads/2024/12/भारत-की-सांस्कृतिक-जागृति-में-विवेकानंद-की-भूमिका-front.jpg,Name of Author,डॉ. योगेश्वर नाथ पाण्डेय,1,0,ISBN Number,978-81-978571-9-5,1,0,No. of Pages,278,1,0,,,,,,,,
3123,,"भारत की अर्थव्यवस्था: मुद्दे, चुनौतियाँ और संभावनाएँ",1,0,"""भारतीय अर्थव्यवस्थाः मुद्दे, चुनौतियाँ और संभावनाएँ"" भारतीय अर्थव्यवस्था का एक व्यापक और व्यावहारिक विश्लेषण है, जो इसके महत्वपूर्ण मुद्दों, चुनौतियों और भविष्य की संभावनाओं की खोज करता है।\nयह पुस्तक भारतीय अर्थव्यवस्था की एक संतुलित और सूक्ष्म समझ प्रदान करती है, जिसमें इसके संरचनात्मक और संस्थागत पहलू, प्रमुख चुनौतियाँ, नीतिगत पहल और उभरते अवसर शामिल हैं। इसमें विकास और वृद्धि के लिए उभरते अवसरों और संभावनाओं का पता लगाया गया है।\nइस पुस्तक में भारतीय अर्थव्यवस्था के मुद्दों, चुनौतियों और संभावनाओं का व्यापक विवरण दिया गया है। गरीबी, असमानता और पर्यावरणीय स्थिरता का गहन विश्लेषण किया गया है। चुनौतियों का समाधान करने के उद्देश्य से नीतिगत पहलों और सुधारों की जाँच की गई है तथा विकास और वृद्धि के लिए उभरते अवसरों और संभावनाओं की खोज को प्रस्तुत किया गया है।\nइस पुस्तक में भारतीय अर्थव्यवस्था की जटिलताओं का गहन और व्यावहारिक विश्लेषण किया गया है, तथा यह भारत की आर्थिक चुनौतियों और अवसरों को समझने के लिए एक मूल्यवान संसाधन के रूप में तैयार की गई है। इसमें भारतीय अर्थव्यवस्था का परिचय, संरचनात्मक और संस्थागत पहलू, प्रमुख चुनौतियाँ: गरीबी, असमानता और पर्यावरणीय स्थिरता, नीतिगत पहल और सुधार, उभरते अवसर और संभावनाएँ, भविष्य की आर्थिक प्रगति आदि शामिल हैं।",1,2,0.35,23,15,2.5,,449,AGPH Books,https://store.agphbooks.com/wp-content/uploads/2024/11/भारत-की-अर्थव्यवस्था-मुद्दे-चुनौतियाँ-और-संभावनाएँ.png,Name of Author,डॉ. कुसुम चंद्राकर,1,0,ISBN Number,978-81-979010-6-5,1,0,No. of Pages,225,1,0,,,,,,,,
2286,,भारत का संविधान,1,0,"<div class=""a-expander-content a-expander-partial-collapse-content a-expander-content-expanded"" aria-expanded=""true"">\n<div class=""a-expander-content a-expander-partial-collapse-content a-expander-content-expanded"" aria-expanded=""true"">\n<div class=""a-expander-content a-expander-partial-collapse-content a-expander-content-expanded"" aria-expanded=""true"">\n<div class=""a-expander-content a-expander-partial-collapse-content a-expander-content-expanded"" style=""text-align: left;"" aria-expanded=""true"">\n<div class=""a-expander-content a-expander-partial-collapse-content a-expander-content-expanded"" aria-expanded=""true"">\n<div class=""a-expander-content a-expander-partial-collapse-content a-expander-content-expanded"" aria-expanded=""true"">\n<div class=""a-expander-content a-expander-partial-collapse-content a-expander-content-expanded"" aria-expanded=""true"">\n<div class=""a-expander-content a-expander-partial-collapse-content a-expander-content-expanded"" aria-expanded=""true"">\n<div class=""a-expander-content a-expander-partial-collapse-content a-expander-content-expanded"" aria-expanded=""true"">\n<div class=""a-expander-content a-expander-partial-collapse-content a-expander-content-expanded"" aria-expanded=""true"">\n<div class=""a-expander-content a-expander-partial-collapse-content a-expander-content-expanded"" aria-expanded=""true"">\n<div class=""a-expander-content a-expander-partial-collapse-content a-expander-content-expanded"" aria-expanded=""true"">\n<div class=""a-expander-content a-expander-partial-collapse-content a-expander-content-expanded"" aria-expanded=""true"">\n<div class=""a-expander-content a-expander-partial-collapse-content a-expander-content-expanded"" aria-expanded=""true"">\n<div class=""a-expander-content a-expander-partial-collapse-content a-expander-content-expanded"" aria-expanded=""true"">\n<div class=""a-expander-content a-expander-partial-collapse-content a-expander-content-expanded"" aria-expanded=""true"">\n<div class=""a-expander-content a-expander-partial-collapse-content a-expander-content-expanded"" aria-expanded=""true"">\n<div class=""a-expander-content a-expander-partial-collapse-content a-expander-content-expanded"" aria-expanded=""true"">\n<div class=""a-expander-content a-expander-partial-collapse-content a-expander-content-expanded"" aria-expanded=""true"">\n<div class=""a-expander-content a-expander-partial-collapse-content a-expander-content-expanded"" aria-expanded=""true"">\n<div class=""a-expander-content a-expander-partial-collapse-content a-expander-content-expanded"" aria-expanded=""true"">\n<div class=""a-expander-content a-expander-partial-collapse-content a-expander-content-expanded"" aria-expanded=""true"">\n<div class=""a-expander-content a-expander-partial-collapse-content a-expander-content-expanded"" aria-expanded=""true"">\n<div class=""a-expander-content a-expander-partial-collapse-content a-expander-content-expanded"" aria-expanded=""true"">\n<div class=""a-expander-content a-expander-partial-collapse-content a-expander-content-expanded"" aria-expanded=""true"">\n<div class=""a-expander-content a-expander-partial-collapse-content a-expander-content-expanded"" aria-expanded=""true"">\n<div class=""a-expander-content a-expander-partial-collapse-content"" aria-expanded=""false"">\n<div class=""a-expander-content a-expander-partial-collapse-content a-expander-content-expanded"" aria-expanded=""true"">\n<div class=""a-expander-content a-expander-partial-collapse-content a-expander-content-expanded"" aria-expanded=""true"">\n<div class=""a-expander-content a-expander-partial-collapse-content a-expander-content-expanded"" aria-expanded=""true"">\n<div class=""a-expander-content a-expander-partial-collapse-content"" aria-expanded=""false"">\n<div class=""a-expander-content a-expander-partial-collapse-content"" aria-expanded=""false"">\n<div class=""a-expander-content a-expander-partial-collapse-content"" aria-expanded=""false"">\n<div class=""a-expander-content a-expander-partial-collapse-content"" aria-expanded=""false"">\n<div class=""a-expander-content a-expander-partial-collapse-content"" aria-expanded=""false"">\n<div class=""a-expander-content a-expander-partial-collapse-content"" aria-expanded=""false"">यह पुस्तक भारतीय संविधान का सारांश प्रस्तुत करती है और हमारे देश में राजनीतिक व्यवस्था पर इसके प्रभाव पर चर्चा करती है। पुस्तक सूचनात्मक शैली में लिखी गई है और कानून की गहराई और जटिलताओं में नहीं उतरती है। भारतीय चुनाव आयोग (Election Commission of India). जिसे भारतीय संविधान द्वारा चुनाव आयोजित करने और चलाने का आदेश दिया गया है, अपने इतिहास के दौरान भारत में लोकतांत्रिक समुदाय के बीच एक सम्मानित संगठन बन गया है। दूसरी और यह प्रक्रिया ईसीआई की संवैधानिक जिम्मेदारियों और चुनाव प्रक्रियाओं और प्रक्रियाओं को विनियमित करने वाले कानून पारित करने के संसद के अधिकार पर असहमति के कारण विवादास्पद रही है। यह व्यापक पुस्तक ईसीआई के इतिहास पर एक चर्चा प्रस्तुत करती है। प्रक्रियाओं की निश्चितता सुनिश्चित करने के लिए लागू किए गए चरणों की जांच के माध्यम से इस प्रयास का लक्ष्य चुनाव परिणाम की लोकतांत्रिक अनिश्चितता को बरकरार रखना है। इस अर्थ में आदर्श आचार संहिता जैसे नए विकास ने ईसीआई को नियम-निर्माण प्रक्रिया में और अधिक प्रभावी बनने में सक्षम बनाया है। इस संस्करण में संवैधानिक समीक्षा आयोग द्वारा किए गए प्रस्तावों का सारांश शामिल है, जो महत्वपूर्ण महत्व के हैं। इसके परिणामस्वरूप, संविधान में कई संशोधन प्रस्तावित और पारित किए गए हैं, जिनमें शिक्षा को मौलिक अधिकार घोषित करना और राज्य और केंद्रीय मंत्रालयों में सेवारत मंत्रियों की संयुक्त संख्या के लिए अधिकतम की स्थापना शामिल हैं। संदर्भ की सुविधा के लिए तीनों विधान सूचियों को एक साथ मुद्रित किया गया है।</div>\n</div>\n</div>\n</div>\n</div>\n</div>\n</div>\n</div>\n</div>\n</div>\n</div>\n</div>\n</div>\n</div>\n</div>\n</div>\n</div>\n</div>\n</div>\n</div>\n</div>\n</div>\n</div>\n</div>\n</div>\n</div>\n</div>\n</div>\n</div>\n</div>\n</div>\n</div>\n</div>\n</div>\n</div>\n</div>",1,2,0.35,23,15,2.5,,655,AGPH Books,https://store.agphbooks.com/wp-content/uploads/2023/12/भारत-का-संविधान01-scaled.jpg,Name of Author,डॉ. विजय मुरलीधर गावंडे,1,0,ISBN Number,978-81-19338-92-4,1,0,No. of Pages,212,1,0,,,,,,,,
9696,,"पुरुष मानसिक स्वास्थ्य: चुनौतियाँ, मिथक और आधुनिक दृष्टिकोण",1,0,"<div class=""a-expander-content a-expander-partial-collapse-content a-expander-content-expanded"" data-expanded=""true"">\n<div id=""bookDescription_feature_div"" class=""celwidget"" data-feature-name=""bookDescription"" data-csa-c-type=""widget"" data-csa-c-content-id=""bookDescription"" data-csa-c-slot-id=""bookDescription_feature_div"" data-csa-c-asin=""9349490196"" data-csa-c-is-in-initial-active-row=""false"" data-csa-c-id=""wugvft-a3fsd5-31uuz3-hbsi75"" data-cel-widget=""bookDescription_feature_div"">\n<div class=""a-expander-collapsed-height a-row a-expander-container a-spacing-base a-expander-partial-collapse-container"" data-a-expander-name=""book_description_expander"" data-a-expander-collapsed-height=""280"">\n<div class=""a-expander-content a-expander-partial-collapse-content"" data-expanded=""false"">\n<div class=""a-expander-content a-expander-partial-collapse-content a-expander-content-expanded"" data-expanded=""true"">\n<div id=""bookDescription_feature_div"" class=""celwidget"" data-feature-name=""bookDescription"" data-csa-c-type=""widget"" data-csa-c-content-id=""bookDescription"" data-csa-c-slot-id=""bookDescription_feature_div"" data-csa-c-asin=""9349028670"" data-csa-c-is-in-initial-active-row=""false"" data-csa-c-id=""dnq81a-78vqoo-jk32e2-zld4x"" data-cel-widget=""bookDescription_feature_div"">\n<div class=""a-expander-collapsed-height a-row a-expander-container a-spacing-base a-expander-partial-collapse-container"" data-a-expander-name=""book_description_expander"" data-a-expander-collapsed-height=""280"">\n<div class=""a-expander-content a-expander-partial-collapse-content"" data-expanded=""false"">\n\nपुरुष मानसिक स्वास्थ्य—यह एक ऐसा विषय है, जो आज भी समाज की बातचीत में अक्सर अनुपस्थित रहता है। जब एक पुरुष चुपचाप भीतर से टूट रहा होता है, तब भी उसके चेहरे पर एक सामान्य मुस्कान, एक मजबूत मुखौटा और एक उत्तरदायित्वपूर्ण आभा बनी रहती है। यह पुस्तक उन्हीं अदृश्य घावों, मौन पीड़ाओं और सामाजिक अपेक्षाओं के बीच सिसकती आत्मा की कहानी कहने का एक प्रयास है। इस पुस्तक को लिखने का उद्देश्य केवल जानकारी देना नहीं, बल्कि संवेदना जगाना है। इसमें न केवल मानसिक स्वास्थ्य के विविध चरणों और पहलुओं को समझाने का प्रयास किया गया है, बल्कि पुरुषों के मन में गहरे छिपे डर, शर्म, अपराधबोध और अव्यक्त भावनाओं को भी स्वर देने की कोशिश की गई है। <span style=""font-size: 16px;"">इस यात्रा में हमने विभिन्न आयु वर्गों, सामाजिक पृष्ठभूमियों और जीवन स्थितियों से आए पुरुषों की कहानियाँ साझा की हैं। ये सभी कहानियाँ वास्तविक अनुभवों पर आधारित हैं, लेकिन पाठकों की गोपनीयता बनाए रखने के लिए व्यक्तियों के नाम और कुछ पहचान योग्य विवरणों में परिवर्तन किया गया है। इन परिवर्तनों के बावजूद, उनकी भावनाओं की सच्चाई, संघर्ष की तीव्रता और संवेदनाओं की प्रामाणिकता यथावत बनी रहती है।</span>\n\n</div>\n</div>\n</div>\n<div id=""globalStoreInfoBullets_feature_div"" class=""celwidget"" data-feature-name=""globalStoreInfoBullets"" data-csa-c-type=""widget"" data-csa-c-content-id=""globalStoreInfoBullets"" data-csa-c-slot-id=""globalStoreInfoBullets_feature_div"" data-csa-c-asin=""9349028670"" data-csa-c-is-in-initial-active-row=""false"" data-csa-c-id=""w7tj8b-513tx0-r1coi6-1ufxt7"" data-cel-widget=""globalStoreInfoBullets_feature_div""></div>\n<div id=""buyingOptionNostosBadge_feature_div"" class=""celwidget"" data-feature-name=""buyingOptionNostosBadge"" data-csa-c-type=""widget"" data-csa-c-content-id=""buyingOptionNostosBadge"" data-csa-c-slot-id=""buyingOptionNostosBadge_feature_div"" data-csa-c-asin=""9349028670"" data-csa-c-is-in-initial-active-row=""false"" data-csa-c-id=""ko4axn-47qyyx-mizbo6-8jzv5s"" data-cel-widget=""buyingOptionNostosBadge_feature_div""></div>\n<div id=""tellAmazon_feature_div"" class=""celwidget"" data-feature-name=""tellAmazon"" data-csa-c-type=""widget"" data-csa-c-content-id=""tellAmazon"" data-csa-c-slot-id=""tellAmazon_feature_div"" data-csa-c-asin=""9349028670"" data-csa-c-is-in-initial-active-row=""false"" data-csa-c-id=""tw98zc-7g6l7l-cdyl6l-sfu36p"" data-cel-widget=""tellAmazon_feature_div"">\n<div class=""celwidget c-f"" data-csa-op-log-render="""" data-csa-c-content-id=""DsUnknown"" data-csa-c-slot-id=""DsUnknown-2"" data-csa-c-type=""widget"" data-csa-c-painter=""tell-amazon-desktop-cards"" data-csa-c-id=""68okor-724amq-5qmwga-avd31l"" data-cel-widget=""tell-amazon-desktop_DetailPage_1"">\n<div id=""CardInstanceLdWXYnH_DGXzxkjVJEF5kA"" data-card-metrics-id=""tell-amazon-desktop_DetailPage_1"" data-acp-tracking=""{}"" data-mix-claimed=""true"">\n<div class=""_tell-amazon-desktop_style_tell_amazon_div__1YDZk"" data-asin=""9349028670"" data-marketplace=""A21TJRUUN4KGV"" data-logged-in=""false""></div>\n</div>\n</div>\n</div>\n</div>\n<div class=""a-expander-header a-expander-partial-collapse-header""></div>\n</div>\n</div>\n</div>\n<div id=""globalStoreInfoBullets_feature_div"" class=""celwidget"" data-feature-name=""globalStoreInfoBullets"" data-csa-c-type=""widget"" data-csa-c-content-id=""globalStoreInfoBullets"" data-csa-c-slot-id=""globalStoreInfoBullets_feature_div"" data-csa-c-asin=""9349490196"" data-csa-c-is-in-initial-active-row=""false"" data-csa-c-id=""s55mcb-ar3dob-e8xcrn-vqxa29"" data-cel-widget=""globalStoreInfoBullets_feature_div""></div>\n<div id=""buyingOptionNostosBadge_feature_div"" class=""celwidget"" data-feature-name=""buyingOptionNostosBadge"" data-csa-c-type=""widget"" data-csa-c-content-id=""buyingOptionNostosBadge"" data-csa-c-slot-id=""buyingOptionNostosBadge_feature_div"" data-csa-c-asin=""9349490196"" data-csa-c-is-in-initial-active-row=""false"" data-csa-c-id=""nk1cml-hkakhf-iwihlu-pusjy"" data-cel-widget=""buyingOptionNostosBadge_feature_div""></div>\n<div id=""tellAmazon_feature_div"" class=""celwidget"" data-feature-name=""tellAmazon"" data-csa-c-type=""widget"" data-csa-c-content-id=""tellAmazon"" data-csa-c-slot-id=""tellAmazon_feature_div"" data-csa-c-asin=""9349490196"" data-csa-c-is-in-initial-active-row=""false"" data-csa-c-id=""mzgi0a-7ukl93-zagcke-uls9gn"" data-cel-widget=""tellAmazon_feature_div"">\n<div class=""celwidget c-f"" data-csa-op-log-render="""" data-csa-c-content-id=""DsUnknown"" data-csa-c-slot-id=""DsUnknown-7"" data-csa-c-type=""widget"" data-csa-c-painter=""tell-amazon-desktop-cards"" data-csa-c-id=""a54ygd-l1hyip-uet98c-dapqss"" data-cel-widget=""tell-amazon-desktop_DetailPage_6"">\n<div id=""CardInstance7c21WYDVBk5Zym8XKpMo_Q"" data-card-metrics-id=""tell-amazon-desktop_DetailPage_6"" data-acp-tracking=""{}"" data-mix-claimed=""true"">\n<div class=""_tell-amazon-desktop_style_tell_amazon_div__1YDZk"" data-asin=""9349490196"" data-marketplace=""A21TJRUUN4KGV"" data-logged-in=""false""></div>\n</div>\n</div>\n</div>\n</div>\n<div class=""a-expander-header a-expander-partial-collapse-header""></div>",1,1,0.35,23,15,2.5,,590,AGPH Books,https://store.agphbooks.com/wp-content/uploads/2025/08/Screenshot-2025-08-14-134836.avif,Name of Author,डॉ. संदीप गोहे,1,0,ISBN Number,978-81-990524-0-6,1,0,No. Of Pages,240,1,0,,,,,,,,
3420,,पर्यावरण संरक्षण: चुनौतियाँ और सतत विकास की दिशा,1,0,"""पर्यावरण संरक्षणः सतत विकास की चुनौतियाँ और दिशाएँ"" एक समर्पित प्रयास है जो हमारे पर्यावरण के संरक्षण और सतत विकास में आने वाली जटिलताओं और चुनौतियों का गहन विश्लेषण करता है। यह पुस्तक विभिन्न पर्यावरणीय संकटों पर प्रकाश डालती है जो आज के समय में समाज और दुनिया भर में एक गंभीर समस्या बन गए हैं। जलवायु परिवर्तन, प्रदूषण, जल संकट, जैव विविधता की हानि और प्राकृतिक संसाधनों का अत्यधिक उपभोग जैसी समस्याएँ पर्यावरणीय संकटों का सामना करने के लिए मजबूर कर रही हैं।\nपुस्तक में इन चुनौतियों से निपटने के लिए विभिन्न सरकारी नीतियों, कानूनों और तकनीकी नवाचारों का विवरण दिया गया है। साथ ही, सतत विकास के सिद्धांतों पर चर्चा की गई है, जो इस बात पर जोर देते हैं कि मानवों के विकासात्मक प्रयासों को इस तरह से आकार दिया जाना चाहिए कि पर्यावरण और समाज के बीच संतुलन बनाए रखा जा सके।\nसतत विकास न केवल प्राकृतिक संसाधनों के संरक्षण पर आधारित है, बल्कि यह आर्थिक और सामाजिक न्याय सुनिश्चित करने पर भी आधारित है, ताकि आने वाली पीढ़ियाँ भी इन संसाधनों का उचित उपयोग कर सकें। इस पुस्तक का उद्देश्य पाठकों को पर्यावरण जागरूकता और नागरिक जिम्मेदारी के महत्व से परिचित कराना है। इसमें इस बात पर भी प्रकाश डाला गया है कि प्रत्येक नागरिक का योगदान महत्वपूर्ण है, क्योंकि अकेले सरकारों और संगठनों के प्रयास पर्यावरणीय संकटों से निपटने के लिए पर्याप्त नहीं हो सकते हैं। इसके अलावा, पुस्तक में उन रणनीतियों और उपायों का भी उल्लेख किया गया है जिन्हें व्यक्तिगत और सामूहिक रूप से अपनाया जा सकता है, ताकि पर्यावरण की रक्षा की जा सके और सतत विकास बढ़ सके।",1,2,0.35,23,15,2.5,,590,AGPH Books,https://store.agphbooks.com/wp-content/uploads/2025/03/पर्यावरण-संरक्षण-चुनौतियाँ-और-सतत-विकास-की-दिशा-scaled.jpg,Name of Author,डॉ. पूजा सिन्हा,1,0,ISBN Number,978-93-49028-71-5,1,0,No. of Pages,259,1,0,,,,,,,,
12451,,नई राष्ट्रीय शिक्षा नीशि 2020: समीक्षा और प्रस्ताव,-1,0,"""राष्ट्रीय शशक्षा नीतत 2020: दृष्ष्ट्िकोर्, पररितणन और प्रभाि"" एक\nव्यापक, विश्लेषर्ात्मक और ज्ञानिधणक पुस्तक है जो भारत में\nशशक्षा की नई ददशा और उसमें हो रहे मूलभूत पररितणनों को गहराई\nसे समझाने का प्रयास करती है। यह पुस्तक राष्ट्रीय शशक्षा नीतत\n2020 के उद्देश्यों, मूल विचारों और लागू ककए जाने िाले\nरर्नीततक उपायों को विस्तार से प्रस्तुत करती है। इसमें शशक्षा\nको समािेशी, न्यायसंगत, बहुभाषी, नैततक और तकनीकी रूप से\nमजबूत बनाने के उपायों का विस्तृत िर्णन ककया गया है। पुस्तक\nयह भी दशाणती है कक NEP 2020 केिल एक शैक्षणर्क दस्तािेज\nनहीं है, बष्कक यह एक सामाष्जक सुधार की दृष्ष्ट्ि से भी अत्यंत\nमहत्िपूर्ण पहल है, जो शशक्षा के माध्यम से भारत को आत्मतनभणर,\nप्रगततशील और िैष्श्िक रूप से प्रततस्पधी राष्ट्र बनाने की नींि\nरखती है। इसमें शशक्षा को समािेशी, समतामूलक, बहुभावषक,\nनैततक और तकनीकी रूप से सशक्त बनाने के उपायों का विस्तृत\nिर्णन है। यह पुस्तक नीतत तनमाणताओं, शशक्षाविदों, शशक्षकों,\nशोधकताणओं, छात्रों और शशक्षा से जुडे अन्य सभी दहतधारकों के\nशलए उपयोगी संदभण सामग्री का काम करती है। सरल भाषा, शोध\nआधाररत प्रस्तुतत, प्रासंगगक उदाहरर्ों और संदशभणत तथ्यों के साथ\nयह पुस्तक NEP 2020 को न केिल एक शैक्षक्षक दस्तािेज के\nरूप में, बष्कक एक पररितणनकारी आंदोलन के रूप में प्रस्तुत करती\nहै।",1,1,0.35,23,15,2.5,,590,AGPH Books,https://store.agphbooks.com/wp-content/uploads/2025/12/International-Relations-Global-Politics-and-Power-Structures.avif,Name of Author,Dr. S. Marcelin Pushpa,1,0,ISBN Number,978-93-49490-41-3,1,0,No. Of Pages,247,1,0,,,,,,,,
3372,,जैव विविधता का संरक्षण: संकट और समाधान,1,0,"""जैव विविधता का संरक्षणः संकट और समाधान पुस्तक जैव विविधता के संरक्षण के विषय में एक गहन और समग्र विश्लेषण प्रस्तुत करती है। यह पुस्तक जैव विविधता के महत्व को समझाने के साथ-साथ इसके सामने आ रहे संकटों को स्पष्ट करती है, जिनमें जलवायु परिवर्तन, वन्यजीवों की विलुप्ति, पारिस्थितिकी तंत्र का विखंडन, और मानव गतिविधियों के कारण प्राकृतिक संसाधनों का अत्यधिक दोहन शामिल है। इस पुस्तक में इस बात पर ध्यान दिया गया है कि जैव विविधता न केवल पर्यावरणीय संतुलन के लिए आवश्यक है, बल्कि यह खाद्य सुरक्षा, जलवायु नियंत्रण, चिकित्सा, और आर्थिक गतिविधियों के लिए भी अनिवार्य है। इसके साथ ही, यह पुस्तक जैव विविधता के संरक्षण के लिए विभिन्न समाधानों की जाँच करती है, जैसे कि स्थानीय समुदायों को शामिल करना, पारंपरिक ज्ञान को सम्मान देना, सरकारी और गैर-सरकारी प्रयासों को सशक्त बनाना और वैश्विक स्तर पर सहयोग को बढ़ावा देना। इसके माध्यम से लेखक जैव विविधता संकट से निपटने के लिए वैज्ञानिक, कानूनी और सामाजिक दृष्टिकोणों को पेश करते हैं और समाधान के तौर पर कई कार्यनीतियों, परियोजनाओं और कार्यक्रमों पर चर्चा करते हैं। इस पुस्तक का उ‌द्देश्य न केवल जैव विविधता के महत्व को उजागर करना है, बल्कि यह भी बताना है कि इसके संरक्षण के लिए सभी स्तरों पर सामूहिक प्रयासों की आवश्यकता है, ताकि पृथ्वी के पारिस्थितिकी तंत्र को और उसकी जैव संपदा को सुरक्षित रखा जा सके। यह पुस्तक पर्यावरणीय जागरूकता बढ़ाने और जैव विविधता के लिए ठोस कदम उठाने के लिए प्रेरित करती है।",1,2,0.35,23,15,2.5,,590,AGPH Books,https://store.agphbooks.com/wp-content/uploads/2025/02/जैव-विविधता-का-संरक्षण-संकट-और-समाधान-front-scaled.jpg,Name of Author,डॉ. राकेश सोनी,1,0,ISBN Number,978-81-981818-8-6,1,0,No. of Pages,236,1,0,,,,,,,,
3261,,जनजातीय रूपक: पिथौरा और गोंड चित्रकला की सांस्कृतिक आभा,1,0,"जनजातीय समुदाय का जीवन समाधान व संतोष से भरा हुआ है और इसका कारण उनकी सहज जीवन शैली है। जनजातीय लोगों ने सदियों से अपनी संस्कृति और परंपरा को जीवित रखा है। जनजातीय लोगों के रहन-सहन के तरीके बहुत ही विशिष्ट है। घर आंगन की बनावट, अनाज का भंडारण, पानी ठंडा रखने के नैसर्गिक तरीके, प्याज लहसुन और मक्खन के संग्रहण के परंपरागत तरीके, तुमडे की चम्मच, पानी लाने के लिए इस्तेमाल किए जाने वाला चौमल इत्यादि अपने आप में बड़े ही यूनिक है।\nपिथौरा चित्रकला जनजातीय जीवन शैली की एक बड़ी ही महत्वपूर्ण विशेषता है जो की सहज ही हमारा ध्यान आकर्षित करती है। इस चित्रकला में जनजातीय जीवन के लगभग हर पहलू से जुड़ी गतिविधियों और क्रियाकलापों को शामिल किया जाता है।\nजनजातीय समुदाय पर्यावरण और प्रकृति के महत्व को भली भांति जानता समझता है। ये प्रकृति पूजक है और पर्यावरण और प्रकृति के संरक्षण में अपना महत्वपूर्ण योगदान देते हैं। जैसे खाखरे के पत्ते की पूजा, खाखरे के पत्ते से बनी पत्तल और दोने का उपयोग और उपयोग के बाद उन्हें जमीन में गाड़ देना, कपास और तुवर निकालने तथा मक्के के दाने निकलने के बाद उनके बचे हुए अवशेष को ईंधन की भांति इस्तेमाल करना इत्यादि।\nगाय- गौरी और गोवर्धन पूजा उनके जीवन का महत्वपूर्ण हिस्सा है। विभिन्न प्राकृतिक जड़ी बूटियों के चमत्कारिक प्रभाव का इन्हें परंपरागत ज्ञान है. इसका साक्षात प्रमाण यह है कि कोविड महामारी के दौरान जनजातीय समुदाय इसके प्रभाव से लगभग बेअसर रहा। प्रकृति की गोद ही जनजातीय समुदाय की कर्मभूमि और अध्यात्म भूमि है। कर्म और अध्यात्म के इस अनूठे संगम से पिथौरा चित्रकला का उदय हुआ।\nकोई भी कार्य या मान्यता पूरी होने पर पिधौरा बनाया जाता है। पिथौरा केवल एक चित्रकलाना होकर भील राठवा समुदाय की संपूर्ण जीवन शैली है। इसमें सूरज, चांद, घोडे, बैलगाडी, ताड़ी के पेड़, जानवर, झोपडी, मचान, गुलेल, हासिया, ताड़ी निकलना, हुक्का पीना, तीर धनुष, शिकार करना, कुएं, मटके, अनाज के भंडार, खेती करना पारंपरिक पूजा करना इत्यादि को स्थान दिया जाता है।\nजनजातीय समुदाय की सहजता और सरलता तथा उनके जीवन के सांस्कृतिक, कलात्मक और आध्यात्मिक पहलू को मैंने झाबुआ और अलीराजपुर की अपनी पदस्थापना के दौरान महसूस किया और आत्मसात किया। पिछले डेढ दशक की अवधि में पिथौरा शैली और गोंडी शैली की चित्रकला की विशेषताओं को जो में आत्मसात कर पाई. उसके माध्यम से जनजातीय जीवन को आपके समक्ष प्रस्तुत करने व जनजातीय जीवन शैली की अनूठी आभा से आपको परिचित कराने का यह एक विनम्र प्रयास है। मेरी स्मृतियों के विशाल संग्रह के एक अल्प अंश का संकलन, चित्रों के माध्यम से यहां प्रस्तुत हुआ है। मुझे विश्वास है कि यह संकलन सहृदय, कला प्रेमी पाठकों के हृदय को स्पर्श करने में सफल होगा।",1,6,0.35,23,15,2.5,,999,AGPH Books,https://store.agphbooks.com/wp-content/uploads/2025/01/जनजातीय-रूपक-पिथौरा-और-गोंड-चित्रकला-की-सांस्कृतिक-आभा.png,Name of Author,डॉ. सीमा अलावा,1,0,ISBN Number,978-93-49028-61-6,1,0,No. of Pages,115,1,0,,,,,,,,
2829,,ग्रामीण समाजशास्त्र और शिक्षा मनोविज्ञान,1,0,"<div class=""a-expander-content a-expander-partial-collapse-content"" aria-expanded=""false"">\n<div class=""a-expander-content a-expander-partial-collapse-content"" aria-expanded=""false"">\n<div class=""a-expander-content a-expander-partial-collapse-content"" aria-expanded=""false"">\n<div class=""a-expander-content a-expander-partial-collapse-content"" aria-expanded=""false"">\n<div class=""a-expander-content a-expander-partial-collapse-content"" aria-expanded=""false"">\n<div class=""a-expander-content a-expander-partial-collapse-content a-expander-content-expanded"" aria-expanded=""true"">\n<div class=""a-expander-content a-expander-partial-collapse-content"" aria-expanded=""false"">\n<div class=""a-expander-content a-expander-partial-collapse-content a-expander-content-expanded"" aria-expanded=""true"">\n<div class=""a-expander-content a-expander-partial-collapse-content"" aria-expanded=""false"">\n<div class=""a-expander-content a-expander-partial-collapse-content a-expander-content-expanded"" aria-expanded=""true"">\n<div class=""a-expander-content a-expander-partial-collapse-content a-expander-content-expanded"" aria-expanded=""true"">\n<div class=""a-expander-content a-expander-partial-collapse-content a-expander-content-expanded"" aria-expanded=""true"">\n<div class=""a-expander-content a-expander-partial-collapse-content a-expander-content-expanded"" aria-expanded=""true"">\n<div class=""a-expander-content a-expander-partial-collapse-content a-expander-content-expanded"" aria-expanded=""true"">\n<div class=""a-expander-content a-expander-partial-collapse-content a-expander-content-expanded"" aria-expanded=""true"">\n<div id=""bookDescription_feature_div"" class=""celwidget"" data-feature-name=""bookDescription"" data-csa-c-type=""widget"" data-csa-c-content-id=""bookDescription"" data-csa-c-slot-id=""bookDescription_feature_div"" data-csa-c-asin=""8197305005"" data-csa-c-is-in-initial-active-row=""false"" data-csa-c-id=""dgxqmm-owry5v-upv7rl-twopfd"" data-cel-widget=""bookDescription_feature_div"">\n<div class=""a-expander-collapsed-height a-row a-expander-container a-spacing-base a-expander-partial-collapse-container"" data-a-expander-name=""book_description_expander"" data-a-expander-collapsed-height=""280"">\n<div class=""a-expander-content a-expander-partial-collapse-content"" aria-expanded=""false"">\n<div class=""a-expander-content a-expander-partial-collapse-content a-expander-content-expanded"" aria-expanded=""true"">\n<div class=""a-expander-content a-expander-partial-collapse-content a-expander-content-expanded"" aria-expanded=""true"">\n<div class=""a-expander-content a-expander-partial-collapse-content a-expander-content-expanded"" aria-expanded=""true"">\n<div id=""bookDescription_feature_div"" class=""celwidget"" data-feature-name=""bookDescription"" data-csa-c-type=""widget"" data-csa-c-content-id=""bookDescription"" data-csa-c-slot-id=""bookDescription_feature_div"" data-csa-c-asin=""8197041369"" data-csa-c-is-in-initial-active-row=""false"" data-csa-c-id=""5fkqus-h5tm8-tte7g3-5lnpab"" data-cel-widget=""bookDescription_feature_div"">\n<div class=""a-expander-collapsed-height a-row a-expander-container a-spacing-base a-expander-partial-collapse-container"" data-a-expander-name=""book_description_expander"" data-a-expander-collapsed-height=""280"">\n<div class=""a-expander-content a-expander-partial-collapse-content"" aria-expanded=""false"">ग्रामीण समाजशास्त्र और शिक्षा मनोविज्ञान एक व्यापक और व्यावहारिक पुस्तक है जो ग्रामीण समाजशास्त्र और शैक्षिक मनोविज्ञान के बीच जटिल अंतरसंबंध को उजागर करती है। समाजशास्त्र और मनोविज्ञान के क्षेत्र के विशेषज्ञों द्वारा लिखित, यह पुस्तक ग्रामीण समुदायों में मौजूद अद्वितीय चुनौतियों और गतिशीलता और शैक्षिक प्रक्रियाओं पर उनके प्रभाव की सूक्ष्म खोज प्रस्तुत करती है। पुस्तक ग्रामीण समाजशास्त्र में एक ठोस आधार प्रदान करने, सामाजिक संरचनाओं, सांस्कृतिक बारीकियों और ग्रामीण क्षेत्रों की विशेषता वाले आर्थिक परिदृश्य की जांच करने से शुरू होती है। इसके बाद यह निर्बाध रूप से शैक्षिक मनोविज्ञान के क्षेत्र में प्रवेश करता है, यह पता लगाता है कि ये समाजशास्त्रीय कारक ग्रामीण परिवेश में व्यक्तियों के सीखने के अनुभवों और परिणामों को कैसे प्रभावित करते हैं। पाठकों को ग्रामीण परिवेश में शिक्षा प्रणाली को आकार देने वाले सामाजिक-सांस्कृतिक कारकों का एक समृद्ध विश्लेषण मिलेगा, जो मौजूद असमानताओं और अवसरों पर प्रकाश डालता है। लेखकों ने ग्रामीण समुदायों और शैक्षिक प्रथाओं के बीच जटिल संबंधों का समग्र दृष्टिकोण प्रस्तुत करते हुए, दोनों विषयों के सिद्धांतों और शोध निष्कर्षों को कुशलतापूर्वक एकीकृत किया है।</div>\n</div>\n</div>\n</div>\n</div>\n</div>\n</div>\n</div>\n</div>\n</div>\n</div>\n</div>\n</div>\n</div>\n</div>\n</div>\n</div>\n</div>\n</div>\n</div>\n</div>\n</div>\n</div>\n</div>",1,2,0.35,23,15,2.5,,590,AGPH Books,https://store.agphbooks.com/wp-content/uploads/2024/06/ग्रामीण-समाजशास्त्र-और-शिक्षा-मनोविज्ञान-scaled.jpg,Name of Author,डॉ. चंद्र प्रभा,1,0,ISBN Number,978-81-970413-6-5,1,0,No. Of Pages,289,1,0,,,,,,,,
2328,,गृह वाटिका,1,0,"<div class=""a-expander-content a-expander-partial-collapse-content a-expander-content-expanded"" aria-expanded=""true"">\n<div class=""a-expander-content a-expander-partial-collapse-content a-expander-content-expanded"" aria-expanded=""true"">\n<div class=""a-expander-content a-expander-partial-collapse-content a-expander-content-expanded"" aria-expanded=""true"">\n<div class=""a-expander-content a-expander-partial-collapse-content a-expander-content-expanded"" style=""text-align: left;"" aria-expanded=""true"">\n<div class=""a-expander-content a-expander-partial-collapse-content a-expander-content-expanded"" aria-expanded=""true"">\n<div class=""a-expander-content a-expander-partial-collapse-content a-expander-content-expanded"" aria-expanded=""true"">\n<div class=""a-expander-content a-expander-partial-collapse-content a-expander-content-expanded"" aria-expanded=""true"">\n<div class=""a-expander-content a-expander-partial-collapse-content a-expander-content-expanded"" aria-expanded=""true"">\n<div class=""a-expander-content a-expander-partial-collapse-content a-expander-content-expanded"" aria-expanded=""true"">\n<div class=""a-expander-content a-expander-partial-collapse-content a-expander-content-expanded"" aria-expanded=""true"">\n<div class=""a-expander-content a-expander-partial-collapse-content a-expander-content-expanded"" aria-expanded=""true"">\n<div class=""a-expander-content a-expander-partial-collapse-content a-expander-content-expanded"" aria-expanded=""true"">\n<div class=""a-expander-content a-expander-partial-collapse-content a-expander-content-expanded"" aria-expanded=""true"">\n<div class=""a-expander-content a-expander-partial-collapse-content a-expander-content-expanded"" aria-expanded=""true"">\n<div class=""a-expander-content a-expander-partial-collapse-content a-expander-content-expanded"" aria-expanded=""true"">\n<div class=""a-expander-content a-expander-partial-collapse-content a-expander-content-expanded"" aria-expanded=""true"">\n<div class=""a-expander-content a-expander-partial-collapse-content a-expander-content-expanded"" aria-expanded=""true"">\n<div class=""a-expander-content a-expander-partial-collapse-content a-expander-content-expanded"" aria-expanded=""true"">\n<div class=""a-expander-content a-expander-partial-collapse-content a-expander-content-expanded"" aria-expanded=""true"">\n<div class=""a-expander-content a-expander-partial-collapse-content a-expander-content-expanded"" aria-expanded=""true"">\n<div class=""a-expander-content a-expander-partial-collapse-content a-expander-content-expanded"" aria-expanded=""true"">\n<div class=""a-expander-content a-expander-partial-collapse-content a-expander-content-expanded"" aria-expanded=""true"">\n<div class=""a-expander-content a-expander-partial-collapse-content a-expander-content-expanded"" aria-expanded=""true"">\n<div class=""a-expander-content a-expander-partial-collapse-content a-expander-content-expanded"" aria-expanded=""true"">\n<div class=""a-expander-content a-expander-partial-collapse-content a-expander-content-expanded"" aria-expanded=""true"">\n<div class=""a-expander-content a-expander-partial-collapse-content a-expander-content-expanded"" aria-expanded=""true"">\n<div class=""a-expander-content a-expander-partial-collapse-content"" aria-expanded=""false"">\n<div class=""a-expander-content a-expander-partial-collapse-content a-expander-content-expanded"" aria-expanded=""true"">\n<div class=""a-expander-content a-expander-partial-collapse-content a-expander-content-expanded"" aria-expanded=""true"">\n<div class=""a-expander-content a-expander-partial-collapse-content a-expander-content-expanded"" aria-expanded=""true"">\n<div class=""a-expander-content a-expander-partial-collapse-content"" aria-expanded=""false"">\n<div class=""a-expander-content a-expander-partial-collapse-content"" aria-expanded=""false"">\n<div class=""a-expander-content a-expander-partial-collapse-content"" aria-expanded=""false"">\n<div class=""a-expander-content a-expander-partial-collapse-content"" aria-expanded=""false"">\n<div class=""a-expander-content a-expander-partial-collapse-content"" aria-expanded=""false"">\n<div class=""a-expander-content a-expander-partial-collapse-content"" aria-expanded=""false"">\n<div class=""a-expander-content a-expander-partial-collapse-content"" aria-expanded=""false"">\n<div class=""a-expander-content a-expander-partial-collapse-content"" aria-expanded=""false"">\n<div class=""a-expander-content a-expander-partial-collapse-content"" aria-expanded=""false"">\n<div class=""a-expander-content a-expander-partial-collapse-content"" aria-expanded=""false"">\n<div class=""a-expander-content a-expander-partial-collapse-content"" aria-expanded=""false"">\n<div class=""a-expander-content a-expander-partial-collapse-content"" aria-expanded=""false"">\n<div class=""a-expander-content a-expander-partial-collapse-content"" aria-expanded=""false"">\n<div class=""a-expander-content a-expander-partial-collapse-content"" aria-expanded=""false"">\n<div class=""a-expander-content a-expander-partial-collapse-content"" aria-expanded=""false"">\n<div class=""a-expander-content a-expander-partial-collapse-content"" aria-expanded=""false"">\n<div class=""a-expander-content a-expander-partial-collapse-content"" aria-expanded=""false"">\n<div class=""a-expander-content a-expander-partial-collapse-content"" aria-expanded=""false"">\n<div class=""a-expander-content a-expander-partial-collapse-content"" aria-expanded=""false"">\n<div class=""a-expander-content a-expander-partial-collapse-content"" aria-expanded=""false"">\n<div class=""a-expander-content a-expander-partial-collapse-content"" aria-expanded=""false"">\n<div class=""a-expander-content a-expander-partial-collapse-content"" aria-expanded=""false"">\n<div class=""a-expander-content a-expander-partial-collapse-content"" aria-expanded=""false"">\n<div class=""a-expander-content a-expander-partial-collapse-content"" aria-expanded=""false"">\n<div class=""a-expander-content a-expander-partial-collapse-content"" aria-expanded=""false"">गृह वाटिका प्रस्तुत है यह उन लोगों के लिये ज्यादा उपयोगी है जो शहरों में रहते है व अपने घर के सामने या घर की छत पर गमलों व छोटी क्यारियों में सुंदर पत्तीयों वाले या फूलदार पौधे उगाना चाहते हैं जगह की कमी होती है परन्तु यदि लगन हो तो अच्छा खासा बगीचा तैयार किया जा सकता है। मित्रों गार्डनिंग एक अच्छा शौक है नशा है या जुनून है। हरियाली न सिर्फ आपको मानसिक शांति अपार खुशी देगी बल्कि आपको व्यस्थ भी रखेगी आपके घर को भरपूर आक्सीजन देगी। एक्सरसाइज करना, प्रातः भ्रमण करना योग करना जरूरी है पर व्यस्त दिनचर्या या दिन भर काम करना व व्यस्थ रहना भी जरूरी है। रिटायर्ड लोगो के लिये तो यह एक वरदान है। कब समय बीत जाता है पता नही लगता व शारीरिक मेहनत होती है वह अलग जो आपको इमेशा व्यस्थ व स्वस्थ रखेगी। कई बार बागवानी अकेलापन, अवसाद और अन्य मनोवैज्ञानिक पहलुओं को दूर करने के लिए चिकित्सा के रूप में भी कार्य करती है। मैं 37 साल एक वन अधिकारी के रूप में मध्यप्रदेश शासन में कार्य किया हूं व प्राकृति व जंगल के बहुत करीब रहा हूं। मेरे पिछले 40 साल के अनुभव के आधार पर यह गृह वाटिका प्रस्तुत है। आशा है आप इसे पसंद करेगे।</div>\n</div>\n</div>\n</div>\n</div>\n</div>\n</div>\n</div>\n</div>\n</div>\n</div>\n</div>\n</div>\n</div>\n</div>\n</div>\n</div>\n</div>\n</div>\n</div>\n</div>\n</div>\n</div>\n</div>\n</div>\n</div>\n</div>\n</div>\n</div>\n</div>\n</div>\n</div>\n</div>\n</div>\n</div>\n</div>\n</div>\n</div>\n</div>\n</div>\n</div>\n</div>\n</div>\n</div>\n</div>\n</div>\n</div>\n</div>\n</div>\n</div>\n</div>\n</div>\n</div>\n</div>\n</div>",1,2,0.35,23,15,2.5,,665,AGPH Books,https://store.agphbooks.com/wp-content/uploads/2023/12/Griha-vatika01-scaled.jpg,Name of Author,के. के. खरे,1,0,ISBN Number,978-81-19832-17-0,1,0,No. Of Pages,197,1,0,,,,,,,,
2937,,गिजुभाई बधेका के शैक्षिक विचार (भारतीय संदर्भ में),1,0,"गिजुभाई बधेका के शैक्षिक विचार (भारतीय संदर्भ में) 20वीं सदी की शुरुआत में भारतीय शिक्षा सुधार के एक प्रमुख व्यक्ति गिजुभाई बधेका द्वारा शुरू किए गए परिवर्तनकारी शैक्षिक दर्शन और प्रथाओं की पड़ताल करता है। यह पुस्तक बाल-केंदित शिक्षा के लिए बधेका के नवीन दृष्टिकोणों पर प्रकाश डालती है. जो मोंटेसरी विधियों के उनके अनुभवों और टिप्पणियों से काफी प्रभावित थे।\nवथेका, जो मूल रूप से एक वकील थे, ने कठोर और रटने सीखने पर केंटित भारतीय स्कूली शिक्षा प्रणाली के भीतर अपने बेटे के संघर्ष से प्रेरित होकर शिक्षा की ओर रुख किया। उन्होंने गुजरात के भावनगर में बाल मंदिर की स्थापना की, जो उनके शैक्षिक प्रयोगों और विचारों की प्रयोगशाला बन गया। उनके दर्शन ने एक ऐसा वातावरण बनाने के महत्व पर जोर दिया जहां बच्चे पारंपरिक परीक्षाओं और कठोर पाठ्यक्रम के दबाव से मुक्त होकर स्वाभाविक और आनंदपूर्वक सीख सकें।\nघड पुस्तक बच्चों में रचनात्मकता, आलोचनात्मक सोच और आत्म-अनुशासन को बढ़ावा देने में बधेका की मूल मान्यताओं को रेखांकित करती है। उन्होंने अनुभवात्मक शिक्षा पर बाल दिया, जहां बच्चे अपने परिवेश से जुड़ते हैं. प्रश्न पूछते हैं और सीखने के प्रति प्रेम विकसित करते हैं। उनके तरीकों में कहानी सुनाना, खेल और व्यावहारिक गतिविधियाँ शामिल थीं, जिनका लक्ष्य शिक्षा को एक बोझिल कार्य के बजाय जीवन का आनंददायक और अभिन्न अंग बनाना था।\nभारतीय संदर्भ में बधेका के विचार क्रांतिकारी थे। उन्होंने औपनिवेशिक शिक्षा प्रणाली के याद रखने और अनुरूपता पर ध्यान केंद्रित करने को चुनौती दी. इसके बजाय समग्र विकास दृष्टिकोण को बढ़ावा दिया। उनके काम ने कई शिक्षकों को प्रेरित किया और भारत में प्रारंभिक बचपन की शिक्षा में महत्वपूर्ण बदलाव लाए। यह पुस्तक शिक्षकों, नीति निर्माताओं और शैक्षिक सुधार के इतिहास में रुचि रखने वाले किसी भी व्यक्ति के लिए एक महत्वपूर्ण संसाधन के रूप में कार्य करती है, जिसमें दिखाया गया है कि बधेका की दृष्टि भारत में समकालीन शैक्षिक प्रथाओं को कैसे प्रभावित करती है।",1,2,0.35,23,15,2.5,,590,AGPH Books,https://store.agphbooks.com/wp-content/uploads/2024/07/Gijubhai2-scaled.jpg,Name of Author,डॉ. अनुपम सिंह,1,0,ISBN Number,978-81-973050-8-5,1,0,No. Of Pages,187,1,0,,,,,,,,
3314,,"क्रीड़ा और योग- इतिहास, नियम, क्रीडांगन, विधियां, प्राणायाम और आसन",1,0,"पुस्तक ""क्रीड़ा और योगः इतिहास, नियम, प्रथाएँ और आसन अभ्यास और प्रेरणा का अनूठा मिश्रण प्रस्तुत करती है, जो पाठकों को शारीरिक गतिविधि और मानसिक स्वास्थ्य के बीच तालमेल का उपयोग करने के लिए सशक्त बनाती है। इस पुस्तक का उ‌द्देश्य खेल और योग के परस्पर जुड़े क्षेत्रों की खोज करके शारीरिक गतिविधि और मानसिक शांति के बीच की गहराई को कम करना है।\nयह पुस्तक विभिन्न खेलों और योग अभ्यासों की ऐतिहासिक उत्पत्ति और विकास तथा विभिन्न खेलों और योग विषयों को नियंत्रित करने वाले नियम और विनिमय के साथ शारीरिक और मानसिक स्वास्थ्य के लिए खेलों और योग के व्यावहारिक अनुप्रयोग व लाभ के बारे में चर्चा करती है।\nइस पुस्तक में योग मुद्राओं (आसन) और श्वास तकनीकों (प्राणायाम) का विस्तृत विवरण व चित्रण दिया गया है। इसमे सम्मिलित कार्रवाई, अनुशासन और ध्यान को बढ़ावा देने में खेलों और योग की भूमिका का वर्णन किया गया है।\nइस पुस्तक का उ‌द्देश्य पाठकों को खेलों और योग को अपने दैनिक जीवन में शामिल करने के लिए प्रोत्साहित करना है।\nयह पुस्तक न केवल योग सिखाती है बल्कि सम्पूर्ण स्वास्थ्य प्राप्त करने के तरीके भी बताती है। इन योगाभ्यासों से महिलाएं, बच्चे, बुजुर्ग और युवा सभी लाभान्वित हो सकते हैं।",1,2,0.35,23,15,2.5,,590,AGPH Books,https://store.agphbooks.com/wp-content/uploads/2025/02/क्रीड़ा-और-योग-इतिहास-नियम-क्रीडांगन-विधियां-प्राणायाम-और-आसन-copy-front.jpg,Name of Author,प्रा. डॉ. मनोज प्रभाकर अरमरकर,1,0,ISBN Number,978-81-980371-2-1,1,0,No. of Pages,285,1,0,,,,,,,,
7259,,आर्टिफिशियल इंटेलिजेंस (AI) और मशीन लर्निंग (ML),1,0,"आर्टिफिशियल इंटेलिजेंस (AI) और मशीन लर्निंग (ML) आज की सबसे महत्वपूर्ण और तेजी से विकसित हो रही तकनीकें हैं। ये न केवल मानव जीवन के विभिन्न पहलुओं को प्रभावित करती हैं, बल्कि उद्योगों और व्यवसायों में नए अवसरों और परिवर्तनों का मार्गदर्शन भी कर रही हैं। यह पुस्तक इन दोनों तकनीकों को सरल और समझने योग्य तरीके से प्रस्तुत करने का प्रयास करती है, ताकि पाठक उनकी मूल अवधारणाओं और कार्यप्रणाली को बेहतर ढंग से समझ सकें।\n\nइस पुस्तक में पर्यवेक्षित अधिगम, अपर्यवेक्षित अधिगम, सुदृढ़ीकरण अधिगम, गहन अधिगम, प्राकृतिक भाषा प्रसंस्करण (एनएलपी) और तंत्रिका-तंत्र जैसे महत्वपूर्ण विषयों को शामिल किया गया है। साथ ही, वास्तविक जीवन में इन तकनीकों के अनुप्रयोग, उनके फायदे और चुनौतियों के बारे में भी विस्तृत जानकारी दी गई है। विभिन्न उदाहरणों के माध्यम से यह समझाया गया है कि कैसे AI और ML का स्वास्थ्य, वित्त, शिक्षा, परिवहन और मनोरंजन जैसे विभिन्न क्षेत्रों में प्रभावी ढंग से उपयोग किया जा रहा है।\n\nइस पुस्तक का उद्देश्य न केवल तकनीकी जानकारी प्रदान करना है, बल्कि इन तकनीकों के सामाजिक और नैतिक पहलुओं को भी उजागर करना है, ताकि पाठक उनके संभावित प्रभावों और जिम्मेदारियों को समझ सकें। AI और ML की बढ़ती भूमिका को देखते हुए यह पुस्तक पाठकों को इन प्रौद्योगिकियों के बारे में गहरी समझ और ज्ञान प्रदान करने का एक महत्वपूर्ण प्रयास है।",1,2,0.35,23,15,2.5,,590,AGPH Books,https://store.agphbooks.com/wp-content/uploads/2025/04/आर्टिफिशियल-इंटेलिजेंस-AI-और-मशीन-लर्निंग-ML-scaled.jpg,Name of Author,डॉ. राहुल कुमार संतोष,1,0,ISBN Number,978-93-49028-12-8,1,0,No. of Pages,211,1,0,,,,,,,,
8900,,आधुनिक विश्व का इतिहास (1920 – 2000),1,0,"यह पुस्तक ज्ञानोदय, औद्योगिक क्रांति, अमेरिकी गृहयुद्ध और बीसवीं सदी के दो विश्व युद्धों सहित यूरोपीय और वैश्विक इतिहास के महत्वपूर्ण क्षणों और परिवर्तनों पर प्रकाश डालती है। इसका प्राथमिक उद्देश्य यह अंतर्दृष्टि प्रदान करना है कि क्रांतियों, युद्धों, तानाशाही और साम्राज्यों ने राष्ट्रवाद, लोकतंत्र, उदारवाद, मानवाधिकार, समाजवाद, सतत विकास और वैश्विक शांति जैसी अवधारणाओं के साथ दीर्घकालिक विकास और प्रयोग को कैसे प्रभावित किया है। आधुनिक दुनिया का इतिहास, सी. 1920-60 एक परिचयात्मक कार्य है जो समकालीन दुनिया में हुए विकासों का एक व्यापक ऐतिहासिक अवलोकन प्रस्तुत करता है, जो फ्रांसीसी क्रांति और नेपोलियन से शुरू होकर शीत युद्ध तक जाता है। यह पुस्तक यूरोपीय और वैश्विक इतिहास में महत्वपूर्ण अवधियों और महत्वपूर्ण मोड़ों का विश्लेषण करती है, जिसमें ज्ञानोदय, औद्योगिक क्रांति, अमेरिकी नागरिक युद्ध और 20वीं शताब्दी के विश्व युद्ध सहित अन्य घटनाएं शामिल हैं। यह समझना कि कैसे क्रांतियों, युद्धों, तानाशाही और साम्राज्यों ने राष्ट्रवाद, लोकतंत्र, उदारवाद, मानवाधिकार, समाजवाद, सतत विकास और विश्व शांति के साथ दीर्घकालिक प्रयोगों को जन्म दिया है, इस पुस्तक के प्रमुख लक्ष्यों में से एक है।",1,2,0.35,23,15,2,,565,AGPH Books,https://store.agphbooks.com/wp-content/uploads/2025/05/आधुनिक-विश्व-का-इतिहास-1920-–-2000-scaled.avif,Author Name,डॉ. गुरुदीप सिंह उप्पल,1,0,ISBN Number,978-81-19832-97-2,1,0,No. Of Pages,203,1,0,,,,,,,,
8896,,आधुनिक यूरोप का इतिहास (1789 – 1919),1,0,"‘आधुनिक यूरोप का इतिहास, लगभग 1789 – 1919’ यूरोपीय इतिहास में सबसे परिवर्तनकारी अवधियों में से एक का सावधानीपूर्वक तैयार किया गया और व्यापक अन्वेषण है। यह पुस्तक पाठकों को फ्रांसीसी क्रांति से लेकर प्रथम विश्व युद्ध के बाद के उथल-पुथल भरे वर्षों की एक रोमांचक यात्रा पर ले जाती है, जो गहन परिवर्तनों का एक ज्वलंत और आकर्षक विवरण प्रस्तुत करती है। इस खंड में, पाठकों को उन स्मारकीय घटनाओं का सामना करना पड़ेगा जिन्होंने युग को परिभाषित किया, जिसमें राजनीति और समाज पर फ्रांसीसी क्रांति का भूकंपीय प्रभाव, इतालवी और जर्मन एकीकरण के माध्यम से शक्तिशाली राष्ट्र-राज्यों का उदय और प्रथम विश्व युद्ध के विनाशकारी परिणाम शामिल हैं। हालाँकि, यह पुस्तक केवल ऐतिहासिक तथ्यों का पाठ नहीं है; यह समय की जटिलताओं, राष्ट्रवाद और समाजवाद जैसी नई विचारधाराओं के उदय से लेकर यूरोपीय पहचान को नया आकार देने वाले वैज्ञानिक और सांस्कृतिक नवाचारों तक की पड़ताल करता है। पुस्तक की शक्तियों में से एक इसकी स्थूल और सूक्ष्म परिप्रेक्ष्यों को संतुलित करने की क्षमता है, जो प्रमुख हस्तियों और आम लोगों दोनों की कहानियों को व्यापक ऐतिहासिक कथा में सहजता से बुनती है। यह दृष्टिकोण पाठकों को युग की पेचीदगियों की एक समृद्ध और सूक्ष्म समझ प्रदान करता है, जो उन मानवीय अनुभवों को उजागर करता है जो युग के भूकंपीय परिवर्तनों को रेखांकित करते हैं।",1,2,0.35,23,15,2,,565,AGPH Books,https://store.agphbooks.com/wp-content/uploads/2025/05/आधुनिक-यूरोप-का-इतिहास-1789-–-1919-scaled.avif,Author Name,डॉ. गुरुदीप सिंह उप्पल,1,0,ISBN Number,978-81-19832-64-4,1,0,No. of Pages,209,1,0,,,,,,,,
12799,ECO-HIN-STB-001,अर्थशास्त्र: सिद्धांत और व्यवहार | AGPH Books,1,0,"<h3 data-start=""0"" data-end=""193""><strong data-start=""343"" data-end=""391"">Book Title: अर्थशास्त्र: सिद्धांत और व्यवहार</strong></h3>\nअर्थशास्त्र: सिद्धांत और व्यवहार एक सुव्यवस्थित एवं विद्यार्थियों के अनुकूल पाठ्यपुस्तक है, जो अर्थशास्त्र के मूल सिद्धांतों और उनके वास्तविक जीवन में उपयोग को स्पष्ट एवं सरल भाषा में प्रस्तुत करती है। यह पुस्तक विशेष रूप से हिंदी माध्यम के छात्रों के लिए तैयार की गई है, जिससे वे आर्थिक अवधारणाओं को आसानी से समझ सकें और उनका व्यावहारिक विश्लेषण कर सकें।\n\nपुस्तक में सूक्ष्म अर्थशास्त्र और समष्टि अर्थशास्त्र दोनों के प्रमुख विषयों को संतुलित रूप से शामिल किया गया है। मांग–आपूर्ति, उपभोक्ता व्यवहार, उत्पादन, लागत, बाजार संरचनाएँ, राष्ट्रीय आय, मुद्रास्फीति, बेरोजगारी, राजकोषीय एवं मौद्रिक नीति जैसे विषयों को क्रमबद्ध और स्पष्ट ढंग से समझाया गया है। प्रत्येक अवधारणा को उदाहरणों और व्यावहारिक संदर्भों के माध्यम से प्रस्तुत किया गया है, जिससे छात्रों की विश्लेषणात्मक क्षमता विकसित होती है।\n\nयह पुस्तक विश्वविद्यालय पाठ्यक्रमों, प्रतियोगी परीक्षाओं तथा स्व-अध्ययन के लिए अत्यंत उपयोगी है। सरल भाषा, तार्किक प्रस्तुति और सिद्धांत एवं व्यवहार के संतुलन के कारण यह छात्रों के लिए एक विश्वसनीय शैक्षणिक संसाधन बनती है।\n\nअर्थशास्त्र: सिद्धांत और व्यवहार न केवल परीक्षा की तैयारी में सहायक है, बल्कि पाठकों को आर्थिक सोच और समकालीन आर्थिक समस्याओं को समझने की दृष्टि भी प्रदान करती है।\n<h2 data-start=""1791"" data-end=""1816""><strong data-start=""1794"" data-end=""1814"">About The Author</strong></h2>\n<p data-start=""1818"" data-end=""2450""><strong data-start=""1818"" data-end=""1842"">डॉ. विश्वनाथ पाण्डेय</strong> एक प्रतिभाशाली और उद्यमशील युवा लेखक हैं। उन्होंने कुमाऊँ विश्वविद्यालय, नैनीताल (उत्तराखंड) से अर्थशास्त्र विषय में पी.एच.डी. उपाधि प्राप्त की है। वर्तमान में वे डॉ. प्रताप सिंह राजकीय महाविद्यालय, किमसारों, अल्मोड़ा में अर्थशास्त्र विभाग में सहायक आचार्य के रूप में कार्यरत हैं। शिक्षण के साथ-साथ वे लेखन और शोध गतिविधियों में सक्रिय रूप से संलग्न हैं। उनके निर्देशन में एक शोधार्थी पी.एच.डी. उपाधि प्राप्त कर चुका है। उनके शोध पत्र राष्ट्रीय और अंतरराष्ट्रीय शोध-पत्रिकाओं में प्रकाशित होते रहे हैं तथा वे विभिन्न राष्ट्रीय और अंतरराष्ट्रीय संगोष्ठियों और कार्यशालाओं में नियमित रूप से प्रतिभाग करते हैं।</p>\n\n<h3><strong>About The Publisher: </strong></h3>\n<p style=""font-weight: 400;""><a href=""https://agphbooks.com"">AGPH Books</a> मध्य भारत स्थित एक पेशेवर सेल्फ बुक पब्लिशिंग हाउस है, जो अकादमिक, प्रोफेशनल, फिक्शन और नॉन-फिक्शन पुस्तकों के प्रकाशन में विशेषज्ञता रखता है। यह प्रकाशन संस्थान मुद्रित, डिजिटल और ऑडियो तीनों प्रारूपों में पुस्तकें प्रकाशित करता है। <a href=""https://agphbooks.com"">AGPH Books</a> पाठ्यपुस्तकें, शोध एवं संदर्भ ग्रंथ, जीवनियाँ, सेल्फ-हेल्प पुस्तकें, बाल साहित्य, साहित्यिक फिक्शन, कविता संग्रह तथा सामान्य रुचि की पुस्तकों का प्रकाशन करता है। पारदर्शी प्रकाशन प्रक्रिया और सशक्त डिजिटल वितरण प्रणाली के माध्यम से AGPH Books,<a href=""https://store.agphbooks.com/""> Google Books</a>, Amazon, Flipkart तथा अपनी <a href=""https://store.agphbooks.com/"">आधिकारिक वेबसाइट स्टोर</a> पर वैश्विक उपलब्धता सुनिश्चित करता है, जिससे लेखक एवं शैक्षणिक संस्थान व्यापक और विविध पाठक वर्ग तक आसानी से पहुँच बना सकें।</p>",1,1,0.4,22.86,15.24,1.6,,560,AGPH Books,"https://store.agphbooks.com/wp-content/uploads/2026/01/अर्थशास्त्र-के-सिद्धांत-और-व्यवहार-Copy_cropped.pdf.avif, https://store.agphbooks.com/wp-content/uploads/2026/01/अर्थशास्त्र-के-सिद्धांत-और-व्यवहार-Copy_cropped-1.pdf.avif, https://store.agphbooks.com/wp-content/uploads/2026/01/1-29.avif, https://store.agphbooks.com/wp-content/uploads/2026/01/2-28.avif",Authors:,डॉ. विश्वनाथ पाण्डेय,1,1,ISBN Number,978-93-89319-70-5,1,1,No. Of Pages,223,1,1,Publication Date,14-10-2025,1,1,अर्थशास्त्र: सिद्धांत और व्यवहार,अर्थशास्त्र: सिद्धांत और व्यवहार पुस्तक सूक्ष्म व समष्टि अर्थशास्त्र को सरल भाषा में समझाती है और व्यावहारिक आर्थिक सोच विकसित करती है।,91,अर्थशास्त्र: सिद्धांत और व्यवहार | Economics Book in Hindi
9102,,अनुसंधान के मूल तत्व: सामाजिक विज्ञान में विधि और दृष्टिकोण,1,0,"यह पुस्तक सामाजिक विज्ञान के क्षेत्र में अनुसंधान की जटिलताओं और विविधताओं को समझाने के लिए एक महत्वपूर्ण संसाधन है। पुस्तक नई शिक्षा नीति 2020 को ध्यान में रखकर प्रबंधनीय बनाई गई है, विशेष रूप से उन अनुसंधानकर्ताओं और छात्रों के लिए लिखी गई है, जो सामाजिक विज्ञान अनुसंधान में गहरी रुचि रखते हैं और इस क्षेत्र में अनुसंधान के विभिन्न पहलुओं को समझना चाहते हैं। इसमें अनुसंधान की विधियों और दृष्टिकोणों का विस्तृत और सटीक विवरण दिया गया है, जिनका उपयोग समाजशास्त्र, राजनीति विज्ञान, अर्थशास्त्र, मनोविज्ञान और अन्य सामाजिक विज्ञानों में किया जाता है।\n\nपुस्तक में अनुसंधान के विभिन्न प्रकारों जैसे गुणात्मक और मात्रात्मक अनुसंधान की पद्धतियों का स्पष्ट वर्णन किया गया है, साथ ही इन पद्धतियों के लाभ, सीमाएँ और उपयोग के तरीके पर चर्चा की गई है। इसमें अनुसंधान प्रक्रिया की शुरुआत से लेकर उसके निष्कर्ष तक के प्रत्येक चरण को विस्तार से समझाया गया है, जिसमें शोध प्रारूप, आंकड़ा संग्रहण, आंकड़ा का विश्लेषण और व्याख्या तथा निष्कर्षों की प्रस्तुति शामिल हैं।\n\nयह पुस्तक अनुसंधान में नैतिकता, निष्पक्षता और पारदर्शिता जैसे महत्वपूर्ण पहलुओं को भी उजागर करती है, जो किसी भी शोधकार्य की सफलता और वैज्ञानिकता के लिए आवश्यक हैं। सामाजिक विज्ञान में अनुसंधान के तरीकों और दृष्टिकोणों की उचित समझ के बिना, समाज के विभिन्न पहलुओं को ठीक से नहीं समझा जा सकता है और यह पुस्तक उस ज्ञान को सरल और व्यावहारिक तरीके से प्रस्तुत करने का प्रयास करती है। पुस्तक के अंत में भारत के प्रमुख शोध और सर्वेक्षण संस्थानों के बारे में संक्षिप्त विवरण प्रदान किया गया है जिससे शोधार्थी इन संस्थानों के बारे जानकारी प्राप्त कर करके इनका लाभ ले सके।",1,1,0.35,23,15,2.5,,590,AGPH Books,https://store.agphbooks.com/wp-content/uploads/2025/06/अनुसंधान-के-मूल-तत्व-सामाजिक-विज्ञान-में-विधि-और-दृष्टिकोण-scaled.avif,Name of Author,"डॉ. अरुणेश प्रताप सिंह \, सौम्या पांडे",1,0,ISBN Number,978-81-982845-1-8,1,0,No. Of Pages,320,1,0,,,,,,,,
5200,,अक्षर  लेखन विधि,1,0,"<h3 class="""" data-start=""250"" data-end=""308"">✍️ <strong data-start=""257"" data-end=""308"">अक्षर लेखन विधि – प्राथमिक शिक्षा की मजबूत नींव</strong></h3>\n<p class="""" data-start=""310"" data-end=""547""><strong data-start=""310"" data-end=""331"">""अक्षर लेखन विधि""</strong> बच्चों के लिए एक आकर्षक और प्रभावी अभ्यास-पुस्तिका है, जो उन्हें हिंदी वर्णमाला को पहचानने, समझने और सही ढंग से लिखना सिखाती है। यह पुस्तक खास तौर पर नन्हे विद्यार्थियों की ज़रूरतों को ध्यान में रखकर तैयार की गई है।</p>\n<p class="""" data-start=""549"" data-end=""777"">शुरुआती अक्षरों से लेकर संपूर्ण स्वर और व्यंजन तक, हर पृष्ठ बच्चों के लिए रोचक और सरल बनाया गया है। इसके माध्यम से न केवल वे अक्षरों की बनावट सीखते हैं, बल्कि साथ ही उनके उच्चारण और सही क्रम में लिखने की कला भी आत्मसात करते हैं।</p>\n\n<h3 class="""" data-start=""779"" data-end=""800"">📘 <strong data-start=""786"" data-end=""800"">विशेषताएँ:</strong></h3>\n<ul data-start=""802"" data-end=""1170"">\n 	<li class="""" data-start=""802"" data-end=""885"">\n<p class="""" data-start=""804"" data-end=""885""><strong data-start=""804"" data-end=""821"">सपष्ट निर्देश</strong>: बच्चों को चरण-दर-चरण अक्षर बनाने की प्रक्रिया समझाई जाती है।</p>\n</li>\n 	<li class="""" data-start=""886"" data-end=""987"">\n<p class="""" data-start=""888"" data-end=""987""><strong data-start=""888"" data-end=""909"">प्रेरणादायक चित्र</strong>: हर अक्षर के साथ संबंधित चित्र बच्चों की कल्पना शक्ति और समझ को बढ़ाते हैं।</p>\n</li>\n 	<li class="""" data-start=""988"" data-end=""1088"">\n<p class="""" data-start=""990"" data-end=""1088""><strong data-start=""990"" data-end=""1011"">अभ्यासात्मक पृष्ठ</strong>: हर पृष्ठ पर पर्याप्त स्थान दिया गया है ताकि बच्चे बार-बार अभ्यास कर सकें।</p>\n</li>\n 	<li class="""" data-start=""1089"" data-end=""1170"">\n<p class="""" data-start=""1091"" data-end=""1170""><strong data-start=""1091"" data-end=""1107"">मनोरंजक शैली</strong>: खेल-खेल में अक्षर सीखने की शैली बच्चों को उत्साहित करती है।</p>\n</li>\n</ul>\n<h3 class="""" data-start=""1172"" data-end=""1195"">🔗 <strong data-start=""1179"" data-end=""1194"">यह भी देखें</strong>:</h3>\n<ul data-start=""1197"" data-end=""1619"">\n 	<li class="""" data-start=""1197"" data-end=""1399"">\n<p class="""" data-start=""1199"" data-end=""1399""><a class="""" href=""https://store.agphbooks.com/product/%e0%a4%b6%e0%a4%ac%e0%a5%8d%e0%a4%a6-%e0%a4%b2%e0%a5%87%e0%a4%96%e0%a4%a8-%e0%a4%b5%e0%a4%bf%e0%a4%a7%e0%a4%bf/"" target=""_new"" rel=""noopener"" data-start=""1199"" data-end=""1397"">शब्द लेखन विधि – अगला स्तर शब्द लेखन के लिए</a></p>\n</li>\n 	<li class="""" data-start=""1400"" data-end=""1510"">\n<p class="""" data-start=""1402"" data-end=""1510""><a class="""" href=""https://store.agphbooks.com/product/little-artist/"" target=""_new"" rel=""noopener"" data-start=""1402"" data-end=""1508"">Little Artist – चित्रकारी से रचनात्मकता का विकास</a></p>\n</li>\n 	<li class="""" data-start=""1511"" data-end=""1619"">\n<p class="""" data-start=""1513"" data-end=""1619""><a class="""" href=""https://store.agphbooks.com/product/smart-mathematics/"" target=""_new"" rel=""noopener"" data-start=""1513"" data-end=""1617"">Smart Mathematics – गणित की मज़ेदार शुरुआत</a></p>\n</li>\n</ul>",0,,0.35,30,21,1,239,279,AG Kids > Nursery,https://store.agphbooks.com/wp-content/uploads/2025/03/8-x-11-Nursery-Akshar-mala-Front-1-1.png,,,,,,,,,,,,,,,,,अक्षर लेखन विधि,"अक्षर लेखन विधि एक प्राथमिक स्तर की हिंदी अभ्यास पुस्तक है जो बच्चों को स्वर, व्यंजन और अक्षर लिखने का सही तरीका सिखाती है।",66,
